12	6	4	2	1	4	1	8	29	40	79	95	102	133	133	116	136	121	156	106	79	79	38	29	30	11	9	2	1	4	1	10	48	47	63	98	136	103	86	34	61	127	169	135	87	36	29	20	14	10	1	0	1	11	30	77	115	96	57	41	66	107	71	79	122	255	313	237	123	62	37	20	8	4	2	0	4	7	32	75	150	134	59	79	85	81	78	105	144	262	273	200	143	81	44	21	5	17	1	0	3	7	41	81	176	144	69	69	82	93	93	111	148	245	323	257	107	83	44	27	18	5	1	1	2	9	21	80	144	134	66	60	106	126	100	121	168	287	305	177	89	80	35	37	21	12	2	5	3	4	4	12	37	58	78	112	145	146	163	181	204	194	185	149	85	61	48	37	32	17	7	2	3	1	5	19	29	51	64	120	174	149	142	187	195	231	183	151	107	52	38	17	7	1	5	0	2	9	42	83	144	147	82	85	78	83	97	91	163	292	306	206	104	86	56	30	12	4	3	1	2	11	41	96	164	146	70	57	102	102	90	98	129	278	317	227	164	79	33	29	19	10	4	2	2	7	47	100	153	145	79	47	95	90	77	74	130	232	289	203	139	110	68	55	25	18	7	6	2	8	41	90	179	157	77	63	90	59	47	86	126	238	290	112	21	23	34	25	16	6	1	2	1	7	27	88	163	162	68	68	93	109	114	125	178	307	278	168	107	38	32	17	9	8	9	3	2	3	4	15	33	42	93	121	156	185	158	192	161	161	144	116	55	40	35	19	17	8	15	10	1	1	2	9	31	48	85	121	152	168	153	148	181	190	166	125	69	39	32	23	4	6	1	1	1	5	40	68	60	76	46	56	59	91	77	98	125	237	287	160	74	67	39	19	13	3	1	2	2	8	35	96	136	131	67	72	92	100	88	97	134	305	316	252	136	58	35	24	8	8	3	0	2	8	35	102	163	161	65	57	85	126	93	104	145	326	272	195	123	71	46	15	11	4	3	2	2	12	36	80	188	172	69	50	81	119	112	117	143	269	309	178	96	51	58	24	11	6	5	1	2	8	35	76	181	153	77	72	124	124	143	137	167	293	215	156	95	52	42	37	26	16	6	3	2	5	3	20	42	55	86	97	114	141	126	143	210	185	177	121	67	45	13	12	5	2	1	3	1	1	5	11	31	66	75	114	153	166	204	187	203	152	164	99	54	44	26	24	8	1	2	1	1	6	40	74	178	157	53	50	75	90	79	119	137	272	314	196	88	65	30	29	11	3	1	0	3	4	34	90	180	146	73	78	101	109	101	99	136	296	344	192	122	61	36	20	3	4	1	3	1	2	30	72	148	163	57	64	108	92	91	94	139	260	279	183	109	72	41	23	7	6	0	0	3	6	27	78	162	147	63	64	100	117	81	87	140	259	300	158	99	59	33	29	15	4	2	2	7	7	26	90	143	163	76	62	105	138	127	130	145	294	235	128	73	52	38	28	21	8	7	2	1	1	2	11	32	66	85	95	126	148	175	155	195	194	168	108	55	42	45	23	29	18	6	5	2	4	3	10	30	59	63	128	135	155	141	156	192	168	205	105	64	34	29	28	15	5	1	1	2	6	40	85	178	126	92	81	96	113	96	147	166	323	303	199	98	69	25	24
15	10	5	3	4	1	0	5	12	27	39	48	87	131	173	108	125	133	122	106	89	55	45	37	21	14	7	5	9	1	2	5	22	28	41	64	80	86	77	27	49	77	102	84	63	45	26	18	7	5	1	0	1	6	25	36	80	84	50	52	76	60	82	95	109	200	191	151	99	69	24	13	13	6	2	2	0	4	21	63	95	101	51	71	69	107	88	81	119	226	215	153	99	63	47	29	19	12	2	2	3	5	21	57	95	98	61	63	91	87	99	98	129	214	199	148	71	60	51	29	6	10	0	2	2	10	26	55	87	92	59	77	87	101	90	93	146	206	141	105	79	65	43	22	21	17	8	6	6	10	8	10	23	37	56	92	136	133	121	153	164	183	178	111	72	65	46	34	18	12	7	9	6	3	10	6	24	42	70	91	122	117	148	126	134	157	134	99	69	70	36	8	10	2	4	4	2	2	35	60	93	116	59	45	91	72	79	73	103	229	231	130	75	59	47	16	14	4	6	3	0	4	27	61	108	97	56	50	72	73	70	67	96	225	241	174	85	59	51	15	18	10	0	1	1	5	33	60	112	107	65	41	62	92	75	68	81	198	200	117	102	79	49	33	9	16	13	1	1	5	25	52	100	95	64	58	70	58	47	61	110	203	202	84	10	21	25	26	13	9	4	0	2	4	20	51	93	108	40	44	94	102	104	91	170	215	192	124	87	57	32	22	14	13	4	7	4	2	3	6	31	39	60	82	99	152	118	130	136	120	124	105	66	44	34	15	12	8	13	11	4	5	5	7	20	39	57	75	97	150	117	147	152	144	130	118	54	54	34	24	7	3	1	1	1	3	35	53	43	49	33	37	57	58	72	84	107	196	203	109	66	49	37	32	11	4	0	0	0	3	22	60	106	97	62	61	88	87	77	78	119	215	189	134	87	46	40	22	18	8	3	1	1	6	21	59	107	100	50	66	69	83	69	74	115	196	240	144	87	57	45	12	18	6	5	1	0	5	25	53	107	102	54	56	85	92	89	74	120	221	217	144	95	63	47	29	20	6	2	3	6	6	26	46	106	117	64	86	85	120	92	98	145	226	167	103	65	43	49	23	42	10	2	4	0	4	5	15	32	40	64	76	104	94	104	145	129	161	108	108	80	52	32	12	3	0	0	1	3	1	5	8	23	33	65	91	116	115	141	149	108	141	100	89	50	35	38	13	8	3	1	3	2	6	23	51	90	111	74	44	85	80	90	85	115	223	221	157	62	57	32	19	13	10	8	0	1	4	23	51	99	122	71	54	74	85	73	85	103	251	244	141	82	60	51	29	10	6	6	4	1	4	18	57	99	109	65	62	95	103	71	63	123	237	202	110	74	61	29	26	20	4	3	0	1	4	21	60	101	119	73	53	77	115	90	68	119	192	184	99	71	48	23	25	13	8	5	2	2	6	21	51	98	92	51	53	99	111	120	80	136	182	153	86	67	32	25	29	16	15	3	3	4	3	5	15	29	39	65	90	105	112	150	137	125	162	132	84	61	41	41	42	13	18	11	6	3	5	3	8	19	46	48	106	149	133	146	157	156	112	125	107	78	51	34	26	5	4	8	0	1	6	24	63	111	108	76	55	76	94	83	108	132	220	184	119	77	53	40	22
18	6	9	2	1	2	1	8	24	40	32	52	63	76	104	112	119	82	74	50	51	23	26	28	10	8	2	0	2	2	6	6	12	22	38	64	73	89	45	19	34	80	78	61	53	38	24	15	9	5	1	0	2	3	13	33	76	79	44	42	31	41	44	47	56	93	85	64	57	38	34	17	3	3	4	5	3	2	17	41	109	95	60	34	45	42	38	53	64	75	86	89	43	34	33	27	9	0	2	0	2	1	15	28	98	98	48	26	45	44	28	57	48	91	102	98	59	46	37	25	9	1	4	1	1	2	8	38	86	93	41	39	39	55	50	42	58	80	87	94	54	37	33	23	13	9	5	5	5	1	8	10	42	48	67	70	84	97	85	109	107	114	83	87	57	40	25	28	14	21	3	8	2	4	6	16	13	42	58	73	83	86	111	89	112	97	101	82	49	38	36	16	11	0	3	2	2	2	14	44	87	83	24	35	34	32	33	38	53	92	85	79	52	28	19	17	15	0	0	2	4	3	12	39	127	105	55	29	28	29	25	40	59	85	91	82	63	46	22	16	13	5	2	2	4	1	15	38	107	99	54	34	29	31	34	30	52	53	96	96	48	46	28	19	11	9	6	7	3	3	16	40	118	99	57	26	35	35	28	41	49	73	112	38	11	15	20	19	5	7	6	2	2	1	12	42	108	104	34	30	28	44	52	51	68	117	101	93	51	39	32	17	6	8	3	3	2	4	6	9	32	35	53	70	90	113	92	89	108	98	90	62	53	25	16	24	13	11	14	7	0	4	5	14	24	45	58	67	77	88	112	112	117	144	133	61	56	24	24	18	6	6	2	0	1	3	18	45	43	50	33	32	50	40	43	42	53	66	118	92	53	33	10	9	7	6	1	1	2	3	16	46	118	101	23	20	36	46	46	53	81	110	100	101	72	27	26	21	8	5	3	1	3	2	13	52	118	112	36	37	38	33	44	52	60	82	82	82	54	33	28	15	5	7	3	0	2	5	18	42	115	82	39	36	36	57	54	63	68	89	118	93	51	45	16	36	13	5	3	0	1	11	16	37	118	95	52	36	48	64	63	52	68	101	100	73	52	45	32	39	15	10	7	3	6	4	10	13	31	48	61	72	83	88	114	97	78	116	84	60	43	34	26	11	3	2	2	2	1	2	3	8	31	48	50	69	83	69	86	110	113	89	65	76	36	25	33	18	14	5	4	1	4	6	15	39	102	62	37	30	39	34	44	58	51	79	112	76	45	25	32	16	10	6	0	0	4	7	21	44	135	98	60	31	19	42	36	57	45	116	131	94	47	37	29	11	7	12	2	7	3	4	22	41	116	103	46	41	50	52	37	47	55	77	118	96	48	44	27	7	7	4	2	1	1	5	23	54	121	94	58	34	46	42	44	51	43	92	120	86	64	39	30	26	7	4	3	0	3	7	19	46	104	91	45	34	38	53	60	60	79	97	112	72	76	49	40	29	21	9	3	4	5	3	4	11	34	49	78	78	104	87	104	132	145	123	147	105	64	60	47	35	22	14	6	3	0	1	4	11	20	44	61	89	97	118	117	125	142	165	153	96	65	32	30	15	9	5	1	3	4	5	11	57	99	90	41	34	46	43	45	44	55	83	110	92	58	24	29	22
29	19	6	14	2	1	4	10	18	51	58	80	87	103	105	146	135	145	119	116	86	68	78	52	29	19	10	5	5	3	12	8	23	49	78	92	106	127	68	53	87	99	118	121	82	61	40	40	18	17	5	4	0	5	27	54	108	114	59	38	81	89	78	94	99	214	279	223	134	99	79	35	16	11	3	3	2	12	34	71	145	123	89	74	107	108	88	94	132	232	276	206	144	98	77	44	27	13	6	3	1	4	37	62	150	115	64	85	122	132	120	97	118	233	329	190	139	117	101	47	25	11	6	5	0	5	32	60	126	116	91	87	116	114	117	109	136	225	257	217	124	108	111	51	38	18	7	10	8	5	6	12	31	71	88	162	178	188	203	228	186	195	179	166	130	72	103	68	61	31	22	7	4	2	6	13	33	66	97	123	189	179	173	194	186	230	180	151	132	56	40	39	16	4	4	1	1	6	25	76	108	120	80	87	112	82	98	108	118	220	296	224	138	71	63	48	15	17	3	4	1	12	33	74	148	118	78	99	105	108	106	105	104	207	269	178	136	80	90	47	27	11	11	6	5	7	36	90	146	151	92	82	105	87	95	95	111	200	273	234	150	102	69	44	35	18	4	3	5	5	24	81	124	152	75	89	124	74	68	95	115	203	235	116	23	31	50	39	20	13	10	3	0	4	26	59	142	141	81	80	109	127	128	148	173	239	265	200	90	60	63	29	23	18	15	10	3	0	8	11	26	65	87	117	116	149	205	152	187	170	168	139	87	62	39	45	20	24	16	6	4	5	1	11	33	54	110	158	147	204	192	184	208	159	178	144	107	84	46	27	17	3	1	0	0	12	31	70	67	72	52	69	77	85	75	105	115	190	253	134	113	59	57	26	25	8	4	1	3	7	27	77	138	152	86	87	112	89	106	113	147	217	269	194	121	68	42	39	25	9	2	4	0	3	31	66	163	142	101	70	100	105	101	114	113	222	282	182	118	95	57	29	31	11	5	4	3	9	26	73	145	140	94	79	123	125	114	127	155	237	259	187	122	97	69	47	35	22	8	6	3	11	27	67	131	140	87	102	120	120	143	161	217	259	283	184	129	63	59	52	44	19	19	15	3	3	7	15	39	61	114	124	134	164	177	146	180	214	160	123	76	65	42	15	6	2	1	2	3	1	3	11	25	63	83	142	176	174	187	185	190	171	134	116	79	55	45	19	13	4	2	2	1	11	34	80	131	138	88	66	99	90	91	109	150	271	290	212	109	81	47	22	15	9	6	1	0	10	33	73	132	161	110	82	114	108	128	145	160	240	293	182	113	88	56	35	24	8	2	1	3	6	33	58	153	155	104	89	115	132	104	122	139	240	310	221	129	87	64	58	23	10	3	2	4	6	24	68	164	152	86	68	114	139	107	142	138	244	269	166	128	75	65	44	23	11	8	3	5	7	22	59	136	156	81	102	129	134	143	140	155	249	236	159	113	57	52	59	35	19	22	2	5	2	4	13	46	84	115	166	173	195	199	204	262	178	205	132	94	67	67	40	48	29	22	12	10	2	1	13	35	57	104	145	172	201	186	207	201	189	185	126	67	55	47	30	11	13	1	1	2	4	32	87	154	159	101	68	108	129	106	112	140	235	356	206	110	76	45	24
42	62	29	26	20	5	10	16	30	68	117	143	189	229	246	242	238	284	243	209	147	155	108	97	70	52	31	20	22	8	6	12	37	68	126	121	180	249	146	67	160	228	256	228	120	105	110	74	37	32	5	2	6	7	46	100	195	256	139	121	166	178	186	198	223	326	458	438	292	187	144	96	52	17	13	13	3	16	49	121	254	318	149	169	198	195	257	233	245	366	437	353	278	197	164	96	68	24	19	7	6	10	41	94	208	282	196	154	197	188	220	255	226	335	466	402	244	187	157	137	94	47	21	15	3	9	29	86	244	287	177	189	215	218	258	240	263	316	407	292	263	158	165	117	116	84	68	34	21	8	9	22	67	108	208	206	303	338	374	384	389	422	350	307	226	144	153	134	127	89	78	30	28	7	9	16	50	95	157	227	318	303	340	327	408	395	318	286	214	164	164	102	43	22	15	3	7	8	50	111	251	245	177	176	236	220	222	194	245	349	480	390	254	218	151	106	56	24	9	6	6	7	48	116	269	258	189	168	208	202	223	232	223	351	539	416	320	206	183	112	87	36	20	9	6	7	46	116	281	312	159	152	201	230	205	205	211	319	462	396	259	200	166	132	87	45	21	18	9	14	35	117	262	248	174	153	231	116	157	211	236	373	525	200	51	85	109	134	71	39	20	16	2	6	32	120	250	289	153	166	201	251	259	257	325	422	440	351	241	168	115	86	95	95	53	36	22	6	8	26	53	96	167	224	310	306	365	369	379	338	327	262	181	146	140	115	102	49	74	36	18	3	13	15	39	109	137	195	267	332	357	360	414	390	317	314	257	147	124	76	35	14	4	9	2	13	33	116	100	170	116	104	170	196	232	205	241	366	466	379	263	182	136	116	54	21	8	3	2	9	50	141	303	279	173	131	207	224	225	249	270	397	507	395	285	203	127	107	56	17	7	6	4	9	38	125	275	318	175	190	224	244	240	258	237	373	497	371	270	210	176	116	76	35	12	9	14	11	38	131	283	296	165	190	248	256	243	263	271	447	464	416	290	221	184	158	87	40	24	20	9	12	33	104	247	263	155	171	234	270	283	282	334	447	443	332	250	202	152	160	145	91	48	50	30	11	9	33	61	104	199	201	281	279	329	376	415	353	353	265	209	169	131	56	24	15	11	12	10	4	7	20	42	94	162	233	300	375	348	400	378	342	338	262	191	138	98	63	32	22	10	4	2	14	38	125	311	282	142	138	189	245	222	245	262	343	475	364	271	180	134	81	42	18	5	5	3	19	47	115	254	313	177	178	215	223	222	255	281	392	543	398	239	199	161	96	61	23	10	11	5	14	29	118	282	281	180	175	235	252	273	262	287	366	469	408	244	248	156	130	79	34	8	6	6	17	43	128	256	333	190	187	223	261	227	259	249	423	505	422	274	216	178	137	73	41	17	9	10	8	35	110	274	285	193	169	228	262	286	262	283	391	418	318	269	155	157	134	111	96	65	31	20	7	15	26	63	120	216	239	310	338	367	447	408	432	345	320	184	151	144	131	128	106	87	31	29	8	11	13	46	102	143	241	314	344	358	416	383	365	310	260	195	135	121	101	47	21	18	9	3	10	46	135	261	276	143	156	186	227	208	249	259	403	515	412	303	232	137	106
34	28	21	10	12	6	9	18	44	84	112	140	125	133	128	134	166	139	144	125	112	94	87	70	43	31	23	12	5	10	8	19	36	86	98	145	146	145	106	49	110	127	167	143	115	94	54	45	32	13	5	2	3	9	55	129	255	170	75	78	88	114	79	107	104	144	173	152	106	94	63	38	27	17	4	5	3	13	78	202	302	214	104	100	98	121	104	125	101	149	183	154	118	75	90	61	23	7	6	7	3	13	61	139	306	205	114	119	106	109	126	107	111	147	173	208	122	91	83	75	37	23	7	7	4	12	59	143	291	180	94	90	118	111	118	112	131	149	167	164	123	96	95	70	76	40	32	26	11	6	14	27	83	115	130	172	202	212	182	186	208	210	202	169	127	133	84	78	63	59	35	27	14	15	18	32	52	95	162	201	210	211	195	212	198	248	203	166	117	93	69	47	32	11	2	3	2	14	80	173	225	126	71	104	93	108	111	103	113	149	173	154	115	97	72	47	22	13	8	5	6	11	69	202	302	171	99	69	97	104	91	98	105	163	175	178	143	92	97	62	43	21	6	3	6	19	82	184	276	135	109	94	92	106	103	116	104	130	173	165	136	94	82	66	39	36	6	4	3	13	73	173	370	231	115	103	106	90	68	109	120	159	196	87	25	33	47	46	49	16	7	6	2	8	67	144	354	176	100	78	103	119	131	138	129	173	193	148	126	83	70	63	61	36	26	24	17	5	16	32	62	130	173	156	222	217	205	202	185	189	188	153	104	89	77	81	43	32	41	21	13	7	17	23	44	88	129	203	207	187	198	175	176	209	210	165	138	103	61	37	30	12	6	1	4	16	64	185	147	185	80	71	82	100	109	112	109	161	156	150	102	89	71	44	27	8	4	3	4	12	69	184	353	174	86	71	90	111	117	125	125	172	196	166	115	72	67	65	32	8	8	4	3	15	77	195	377	189	114	100	125	109	118	125	112	142	210	171	111	100	93	51	37	15	10	3	7	10	57	167	368	184	121	103	113	107	96	154	124	162	208	183	99	107	80	68	41	28	7	6	8	11	58	150	362	192	132	123	118	137	116	144	156	191	193	155	103	96	90	73	70	47	34	30	15	3	17	32	72	117	168	204	209	215	228	229	192	194	172	136	138	107	80	28	11	17	8	4	3	5	10	22	66	103	139	184	239	181	195	208	217	213	187	150	107	78	59	41	9	4	2	1	4	17	67	156	250	156	102	98	92	103	102	112	101	158	205	174	105	82	57	40	17	13	9	2	4	13	80	202	387	206	143	87	111	111	122	104	127	164	195	183	122	118	85	56	30	15	4	5	4	15	77	183	370	219	112	100	110	122	114	124	129	175	217	158	123	104	63	65	37	19	10	0	11	15	74	209	372	227	114	98	124	126	109	136	145	164	197	171	123	94	77	63	44	25	14	9	7	11	53	159	379	281	116	126	130	134	119	134	118	172	179	155	113	79	84	73	48	54	39	22	15	16	16	41	90	142	173	210	241	239	230	258	229	218	204	164	121	92	83	90	64	45	41	31	12	9	26	28	53	91	160	185	200	229	214	202	219	212	187	142	131	68	68	56	26	10	8	5	4	13	74	169	304	181	82	85	113	123	115	131	121	169	178	180	116	79	63	49
62	51	24	26	26	9	7	18	37	73	153	160	199	211	238	264	265	245	268	220	163	115	77	70	67	34	35	21	35	18	16	26	41	83	132	166	214	259	145	83	144	219	259	223	148	101	91	58	36	15	4	5	6	18	52	144	242	205	121	139	157	172	181	171	198	324	448	356	239	187	118	79	34	22	9	6	12	20	64	182	282	262	163	137	184	210	214	193	253	339	472	371	268	223	146	118	63	34	17	9	10	14	63	154	264	249	154	157	178	185	203	205	207	307	407	369	271	163	132	112	62	41	14	3	8	15	55	155	276	224	159	180	192	188	202	228	267	344	394	373	227	146	131	91	75	52	40	22	17	11	11	38	107	150	201	246	278	304	345	350	379	376	319	320	197	136	108	92	80	82	44	36	18	7	5	26	47	121	177	250	317	301	334	303	330	381	335	261	174	144	110	67	29	15	12	4	5	21	47	192	239	236	168	145	167	180	185	215	245	300	445	346	225	178	129	87	29	17	7	3	6	23	77	154	273	231	179	151	157	206	224	209	242	328	469	388	246	217	160	123	69	38	7	10	7	25	70	176	276	279	176	140	181	194	185	184	220	336	451	371	289	199	163	99	56	28	27	9	11	17	71	163	315	254	169	126	188	125	142	164	214	298	430	232	70	85	110	75	51	30	18	16	11	14	57	165	331	267	140	136	189	214	239	207	260	377	429	356	222	151	119	84	65	55	31	24	23	5	10	32	83	135	232	286	308	368	312	355	338	321	315	240	158	114	78	72	63	50	32	20	19	6	6	21	52	116	179	251	326	353	302	325	371	315	337	280	169	118	77	53	35	12	3	5	5	13	42	152	138	154	129	130	138	169	196	209	235	308	391	398	246	191	136	72	23	11	9	1	3	18	82	199	304	301	175	133	187	192	214	250	225	338	569	385	266	189	142	85	33	24	11	4	9	17	81	198	304	268	184	164	172	209	198	200	244	371	474	348	231	175	148	107	57	17	8	6	5	16	74	155	316	285	182	153	206	216	226	214	241	349	476	355	261	200	159	125	84	35	28	11	14	17	60	164	283	276	184	200	207	236	254	240	243	384	469	394	200	171	131	110	89	60	50	28	9	10	11	41	103	165	229	249	286	318	360	347	375	368	348	244	177	114	87	32	8	3	4	7	11	5	5	29	53	126	174	284	332	335	336	354	385	330	289	234	156	102	68	60	18	12	6	4	2	23	52	173	273	241	149	137	182	174	188	194	225	331	462	340	242	153	123	55	37	14	3	5	0	22	79	184	311	256	171	150	181	206	230	215	242	365	506	385	246	227	129	121	49	19	6	7	9	18	64	166	299	288	171	168	187	209	227	230	216	324	506	387	287	227	158	103	45	22	20	4	8	21	60	186	326	273	196	141	162	232	192	209	223	334	485	322	235	206	172	99	57	36	17	6	9	20	56	162	295	307	171	178	187	238	219	247	257	343	396	277	208	122	128	106	84	47	30	24	25	7	13	48	78	152	208	266	299	324	377	343	374	390	389	262	212	106	114	112	93	82	51	38	15	10	9	35	64	103	157	241	331	324	287	308	364	400	327	251	158	103	96	57	24	19	9	5	3	19	50	166	268	244	173	128	168	199	214	212	240	362	475	347	235	188	129	69
46	39	28	11	11	9	8	20	39	68	124	165	190	248	263	266	251	258	272	242	162	144	106	82	60	53	29	13	16	11	12	31	44	87	166	194	257	273	182	98	223	289	265	257	179	128	119	59	36	16	5	4	3	26	121	255	401	438	210	167	241	287	285	265	334	537	575	461	278	162	129	57	33	18	10	1	2	24	128	289	445	492	258	212	304	303	279	306	349	525	602	482	268	184	144	87	60	24	14	12	6	26	119	263	395	458	224	213	322	308	300	276	327	495	614	478	337	198	117	101	57	47	19	5	4	21	106	231	377	452	246	233	317	324	332	356	358	549	601	403	265	171	117	95	97	42	37	20	12	4	12	39	98	145	206	300	347	381	366	402	389	435	319	289	230	135	129	99	76	52	41	30	26	10	4	35	58	131	179	254	358	396	338	330	399	416	387	296	241	184	147	73	50	29	5	4	7	28	120	299	459	476	252	222	307	313	293	312	346	613	617	438	273	211	128	75	52	16	15	3	4	20	144	319	452	583	273	238	315	299	286	278	355	552	653	450	332	214	166	87	64	21	14	7	7	23	127	283	473	502	300	254	279	283	270	251	327	608	660	478	286	195	141	75	60	19	13	4	7	25	147	318	438	524	264	234	316	182	229	280	379	591	697	260	60	91	122	93	62	24	17	11	3	15	110	245	407	477	240	204	300	333	391	329	434	488	530	363	237	159	108	83	57	41	28	19	11	6	11	40	79	156	203	288	378	395	412	361	320	403	330	285	178	127	129	93	67	42	45	16	6	6	7	31	57	110	203	247	313	349	325	360	418	358	412	319	249	142	99	74	28	20	4	3	2	21	120	280	186	328	185	171	241	281	311	312	354	593	616	470	342	212	158	75	40	20	9	6	7	34	150	278	509	528	283	233	317	298	343	326	414	635	733	543	323	200	124	62	41	23	9	3	2	26	120	283	432	514	295	261	315	333	317	306	353	512	706	464	292	211	173	84	54	23	10	3	3	15	141	260	465	498	272	235	321	349	334	322	393	653	665	525	316	203	171	114	50	19	9	7	8	16	133	230	407	496	282	279	334	359	346	359	453	595	598	443	229	191	143	107	63	42	28	20	12	8	23	46	94	177	204	288	342	331	357	358	314	347	353	332	185	160	91	46	12	7	5	13	6	6	12	17	50	117	186	251	323	359	376	377	406	393	282	273	201	124	91	71	26	13	8	1	4	25	113	231	419	512	295	276	304	277	322	335	395	573	633	521	300	207	106	54	28	20	14	6	1	22	119	240	475	463	295	233	318	337	333	343	415	597	689	487	319	194	155	93	49	20	9	7	9	20	131	204	481	524	304	242	313	328	316	337	376	645	778	489	298	217	146	87	35	22	5	1	4	22	139	261	537	498	291	222	341	348	327	314	386	588	721	543	293	198	158	94	48	27	7	3	5	19	126	245	427	463	261	287	295	371	361	358	399	588	561	399	240	164	128	103	86	47	28	27	14	8	10	36	96	152	240	323	349	445	411	371	399	420	352	285	213	134	100	110	100	64	32	12	9	15	11	20	56	111	203	288	312	388	347	346	386	374	379	256	219	152	110	73	32	16	8	6	3	24	139	255	448	481	249	225	300	328	341	328	402	621	692	503	302	190	108	68
16	12	10	5	1	0	2	16	27	50	68	59	86	90	89	83	91	74	87	69	52	63	42	35	27	5	7	4	1	1	7	14	29	37	52	82	94	97	68	36	70	90	73	79	49	38	27	22	19	2	1	1	0	4	41	105	166	115	54	51	68	76	64	85	84	174	172	163	98	78	31	21	17	10	5	0	0	11	48	133	212	149	78	53	81	86	89	91	107	160	201	178	102	71	46	29	23	14	6	3	1	9	27	91	208	147	89	54	74	76	83	81	92	150	196	150	112	68	34	43	27	7	6	0	1	13	31	98	187	151	75	69	89	75	108	107	95	169	175	128	82	63	35	40	38	8	8	8	4	6	7	33	40	77	113	95	99	101	136	114	109	111	118	123	90	39	53	37	29	26	6	10	3	0	5	17	32	70	101	139	139	139	113	124	149	131	124	135	95	54	49	39	25	2	3	0	1	10	47	127	210	125	76	63	65	89	92	114	109	209	241	204	83	76	49	33	18	9	4	0	1	14	45	150	242	154	86	65	96	75	71	86	111	207	190	176	119	70	51	36	15	11	4	0	1	11	40	122	214	171	73	73	77	64	76	101	93	155	187	159	100	89	59	29	17	9	3	1	2	16	47	129	227	159	80	71	80	56	69	75	99	165	182	103	19	37	28	31	10	4	0	0	2	12	38	117	240	144	73	66	62	84	101	117	129	192	188	131	95	47	47	32	15	12	6	7	4	6	15	20	49	70	95	112	110	82	92	97	110	111	117	105	70	63	48	25	23	20	8	2	3	6	5	17	49	68	91	101	129	144	114	116	126	133	112	107	81	50	44	18	22	16	3	0	4	8	43	132	96	113	70	60	58	90	77	96	128	204	220	164	108	71	43	26	21	4	1	0	1	14	45	135	255	161	84	72	80	98	95	121	130	189	224	179	96	71	55	28	9	11	4	4	1	13	44	126	255	166	79	58	77	72	83	100	123	217	234	180	131	68	45	34	23	7	4	3	0	5	39	122	233	198	75	67	84	93	79	109	129	172	227	178	130	73	50	51	18	7	6	0	0	7	38	126	240	166	79	81	81	109	101	112	125	230	205	145	81	65	50	49	19	23	9	4	13	2	7	21	48	71	97	113	125	97	89	123	113	119	109	118	80	58	42	12	1	2	1	3	1	0	4	10	34	59	84	114	91	132	120	105	115	107	126	102	82	41	41	23	12	2	1	0	3	10	45	122	234	137	60	56	75	73	100	84	94	183	205	168	111	58	49	29	6	7	0	5	3	10	39	131	244	167	88	65	92	83	92	85	134	203	222	160	106	74	59	28	12	9	2	0	4	14	49	117	235	178	91	60	79	83	94	97	120	180	194	167	93	64	65	43	11	9	1	1	1	2	44	123	260	167	92	77	94	90	94	101	114	202	211	157	119	91	49	45	16	4	0	4	2	11	46	120	241	165	93	63	74	92	96	121	124	199	159	152	86	55	49	35	29	28	7	7	2	6	6	22	47	68	100	96	111	113	114	107	104	94	101	86	62	61	38	24	27	15	16	8	11	2	5	14	32	67	83	118	149	114	109	111	118	116	139	91	75	44	40	24	8	1	1	3	1	6	47	124	226	159	64	66	70	75	83	90	96	187	197	169	107	62	51	25
21	25	15	10	7	3	15	14	35	48	68	80	97	116	112	101	135	106	119	131	76	52	46	57	37	19	7	7	3	5	13	14	37	44	63	90	98	96	50	19	52	86	82	106	71	45	39	29	28	6	2	0	3	13	106	172	199	165	48	59	60	68	70	72	82	164	219	158	122	86	52	40	20	8	5	1	5	13	134	228	211	138	79	61	88	103	65	68	120	162	202	190	133	113	59	46	30	17	10	7	3	16	123	149	184	159	65	57	70	59	80	84	96	150	205	183	133	82	52	39	26	16	8	5	3	17	124	192	148	140	60	58	100	77	67	86	111	208	228	169	115	67	61	36	32	16	17	7	5	1	19	37	50	76	101	138	134	116	167	157	167	149	132	126	85	69	44	43	31	29	7	10	7	2	10	19	25	65	86	113	149	129	101	127	148	134	120	132	77	53	40	51	15	9	2	5	4	22	121	200	182	120	101	68	68	97	79	99	84	158	227	224	108	100	70	39	15	8	5	2	4	26	148	243	187	135	72	60	85	74	77	63	94	171	241	222	152	101	72	60	22	17	1	1	3	24	132	154	185	130	77	87	72	77	75	71	92	152	267	202	117	80	67	55	39	11	7	4	7	23	92	169	193	135	106	65	77	36	62	94	99	149	252	109	34	30	63	42	28	19	18	3	4	27	100	199	247	147	97	69	90	71	106	98	118	179	257	207	107	83	67	41	33	13	13	14	8	3	15	25	42	61	98	94	131	139	134	124	121	144	155	75	74	43	51	39	28	20	11	5	9	2	7	20	28	64	77	96	135	120	148	133	119	138	163	115	74	62	60	29	14	8	3	2	7	18	126	214	72	111	61	60	52	68	75	111	92	156	235	186	106	72	61	30	11	9	4	1	8	25	131	231	231	160	80	77	80	103	75	91	124	156	249	222	101	80	69	34	25	5	1	3	3	29	150	202	217	150	74	74	101	95	86	96	91	183	244	196	108	104	50	33	26	13	3	4	6	18	142	229	215	162	113	100	102	87	96	91	112	165	221	187	114	73	68	54	34	14	4	4	5	19	135	184	222	148	81	87	98	100	103	110	117	184	280	176	109	79	54	50	25	18	12	14	8	1	15	35	60	83	78	115	122	131	139	132	137	130	150	80	48	47	39	11	5	5	1	5	5	2	7	16	42	61	82	109	124	117	130	138	167	148	114	97	50	54	40	31	24	3	4	1	5	17	106	136	97	119	63	52	63	66	84	99	112	167	222	178	110	81	47	23	12	9	7	1	7	21	148	190	205	151	83	58	89	93	97	72	100	183	231	177	135	89	62	41	17	9	0	0	2	23	140	220	192	151	78	57	84	88	87	103	80	146	220	176	120	95	86	55	18	16	3	1	4	20	136	188	176	145	82	77	72	80	80	81	116	156	235	204	103	63	90	43	27	16	13	4	7	17	145	208	168	160	76	88	103	102	95	96	103	189	235	130	99	55	60	47	39	18	6	3	6	6	18	30	51	79	115	115	123	149	137	129	154	142	132	125	69	49	56	48	35	19	16	6	8	3	15	23	26	67	88	131	120	159	140	141	129	134	134	93	76	51	36	27	15	8	4	0	5	16	89	189	139	112	83	74	62	75	92	83	109	176	253	202	105	81	49	34
35	32	22	11	8	4	4	7	29	64	85	116	142	176	198	185	206	199	180	162	114	87	78	68	46	35	25	12	6	10	4	11	25	50	87	126	156	143	98	48	111	161	218	151	104	85	56	49	27	16	10	1	2	12	69	151	290	281	156	120	144	176	162	165	238	454	349	236	165	102	69	40	30	14	6	4	5	10	54	174	363	326	155	156	222	222	201	233	316	438	417	252	180	106	126	58	43	26	2	5	2	10	42	184	302	297	149	130	182	195	195	195	278	485	432	293	142	113	98	55	29	11	7	4	4	11	64	151	286	307	166	169	217	197	198	233	359	501	323	235	132	110	68	56	44	30	20	10	8	3	10	19	28	69	108	175	221	231	248	239	286	281	253	207	130	90	79	69	63	34	19	14	7	6	5	14	41	57	122	160	195	240	214	225	239	213	213	218	145	91	87	52	35	17	4	5	1	5	61	173	335	358	181	136	213	183	215	198	251	478	479	265	135	87	87	42	24	13	4	4	3	7	62	189	356	347	164	173	186	183	168	181	287	486	428	247	137	95	70	48	25	13	9	2	4	11	54	185	322	325	155	146	174	176	162	192	251	392	393	246	115	96	94	37	26	18	10	8	2	10	66	177	318	363	162	117	183	106	129	156	277	481	352	153	38	55	84	50	40	11	10	5	1	12	63	148	318	357	121	137	173	236	198	273	377	543	310	227	119	90	80	65	45	22	14	5	9	3	8	17	25	83	106	138	203	213	180	192	233	236	250	145	97	77	67	78	50	34	24	17	17	4	5	13	29	59	107	138	158	200	213	241	241	221	220	147	121	85	53	65	29	16	5	6	0	15	63	155	130	175	127	118	162	196	179	173	232	502	423	225	142	96	76	58	35	6	0	1	2	11	66	178	359	383	200	147	214	239	196	208	308	514	459	320	171	123	93	44	34	11	5	6	1	11	65	199	373	379	180	152	205	228	204	225	344	496	469	250	161	132	96	49	37	20	8	4	4	11	53	191	383	356	164	179	214	217	251	219	309	523	509	270	168	133	101	60	43	16	8	7	8	9	54	178	358	384	179	178	242	244	257	252	367	566	423	287	148	90	110	55	48	35	15	11	8	11	7	17	41	71	115	152	179	190	253	218	244	264	219	141	85	75	42	18	12	7	4	4	2	2	6	9	32	71	131	177	199	221	217	234	244	226	185	169	88	60	57	29	21	8	2	3	3	16	57	189	351	374	180	166	172	205	220	190	267	412	445	283	166	99	51	35	24	8	6	5	2	9	48	180	368	338	182	166	215	229	199	219	287	501	485	261	167	91	85	67	32	6	5	2	2	8	54	155	366	345	194	172	205	245	205	231	300	465	394	237	207	125	93	45	28	11	6	2	3	10	60	172	396	341	202	150	202	223	239	215	284	521	469	218	143	90	90	62	39	19	9	8	4	7	44	142	340	370	169	147	212	240	248	252	323	548	404	228	116	89	82	70	45	30	24	16	10	7	10	19	49	78	125	141	166	210	247	270	233	267	247	187	134	95	103	73	31	34	33	17	12	10	3	13	30	67	102	147	210	177	221	212	252	254	193	144	90	69	58	60	21	5	3	3	4	13	85	162	391	419	182	147	193	206	211	194	324	494	402	271	135	88	69	48
16	15	13	2	1	2	1	6	18	27	47	65	51	70	83	74	69	97	86	66	55	22	25	22	17	17	4	3	5	1	3	5	7	26	43	47	65	67	43	16	55	80	84	87	42	27	15	19	11	5	1	1	0	6	25	64	80	76	45	50	71	81	83	88	130	258	195	111	72	50	42	25	26	4	5	2	3	8	17	73	99	97	81	63	102	96	107	101	157	252	188	112	78	52	31	23	9	7	3	3	2	6	16	55	71	78	63	71	80	60	88	101	153	255	194	141	64	38	22	31	22	8	2	1	1	9	15	52	91	93	68	65	91	95	88	114	207	262	186	92	59	33	50	29	19	9	4	6	2	3	2	18	19	35	45	75	86	76	109	112	100	131	101	71	50	37	35	35	22	13	8	4	3	4	3	10	22	29	52	83	87	121	104	99	97	104	111	81	56	32	31	26	17	3	0	2	0	8	29	56	89	112	70	82	86	80	85	96	140	238	194	138	67	56	35	29	13	4	2	0	1	8	21	54	87	98	54	58	78	90	107	94	175	289	217	106	66	38	31	17	13	5	1	0	0	4	18	56	91	105	69	60	84	62	85	86	136	254	174	82	47	53	47	34	8	2	1	1	2	7	29	64	106	96	60	66	90	49	55	94	134	240	157	74	8	19	25	14	17	12	6	3	2	6	16	66	117	98	62	57	90	99	120	128	219	250	123	85	75	45	30	23	16	11	8	3	5	3	4	11	24	30	48	69	104	84	108	112	104	96	93	74	47	43	24	34	11	14	6	6	2	1	1	10	22	39	58	76	120	109	133	110	115	115	91	87	53	55	37	29	10	10	2	1	2	10	16	60	48	52	44	46	55	74	81	69	142	270	170	127	84	51	40	23	10	5	1	1	3	8	27	63	104	117	82	66	88	114	121	101	165	275	178	91	91	54	30	18	7	3	1	1	4	4	12	62	124	105	71	49	83	102	90	116	144	304	195	123	99	53	41	15	11	9	4	2	2	8	27	60	121	96	82	60	100	106	97	119	145	270	223	111	110	56	60	37	11	7	1	3	1	6	13	62	134	110	71	63	100	119	104	134	205	305	160	75	72	37	33	29	24	14	7	6	2	4	5	21	20	43	60	90	79	75	93	98	134	118	116	113	50	31	24	13	3	1	1	2	2	2	3	8	16	48	72	98	110	113	103	97	107	95	97	58	38	33	31	22	9	4	4	2	2	7	27	63	105	118	42	69	87	76	69	82	130	321	183	123	76	43	35	18	11	2	1	3	3	9	22	57	95	126	53	66	93	97	99	92	159	266	167	106	76	50	39	25	7	7	5	1	1	10	24	52	104	121	65	69	94	92	74	91	167	279	168	144	63	37	34	26	9	5	2	2	3	6	26	61	90	107	74	73	91	105	94	98	134	265	145	110	87	56	37	25	17	5	2	4	2	5	20	67	97	107	78	79	113	127	97	110	214	237	136	72	58	44	38	35	18	9	5	6	3	3	2	14	21	52	66	82	105	105	115	89	105	117	97	77	52	39	47	44	18	14	13	3	3	2	4	5	16	41	70	80	104	103	107	117	115	116	111	79	40	27	29	21	11	7	6	0	4	6	25	60	103	119	67	78	88	100	94	86	175	277	215	134	77	42	22	24
