0	0	0	0	0	0	0	0	0	0	0	0	114	138	136	115	152	141	115	104	65	68	32	30	26	9	7	1	1	3	3	19	49	59	64	113	125	127	51	34	80	147	156	120	72	31	29	19	14	6	0	0	2	12	33	81	134	82	61	33	78	107	65	86	147	314	275	206	98	56	34	16	8	2	1	0	5	7	45	92	161	111	57	86	85	82	85	108	158	310	250	183	121	59	37	17	10	10	1	0	3	9	50	91	205	112	63	83	79	102	85	122	162	298	302	213	99	63	44	27	11	3	1	1	3	10	28	90	170	110	65	68	102	128	105	125	190	335	257	157	81	62	35	34	18	8	1	6	2	4	6	20	36	66	90	128	151	164	150	187	217	182	182	124	66	62	45	31	30	16	4	2	2	2	6	25	24	60	88	141	182	139	166	182	212	213	158	139	95	43	26	16	4	1	5	0	2	10	47	96	179	113	79	92	76	96	88	97	198	326	281	184	83	82	41	26	8	3	3	0	3	15	52	103	184	121	62	62	109	97	101	92	151	326	305	198	139	59	35	25	17	4	5	2	2	11	50	112	167	133	71	53	98	81	79	93	144	258	287	168	143	99	58	44	22	13	8	3	3	9	46	95	211	137	66	79	81	51	55	98	141	281	255	64	21	24	37	19	12	5	2	1	1	9	34	103	182	140	63	70	93	131	110	132	208	329	238	156	75	36	27	16	9	7	8	2	2	3	4	21	43	50	98	155	154	187	161	176	182	153	116	101	46	40	29	19	14	12	15	4	1	1	4	12	42	43	98	137	163	174	153	161	185	183	136	111	60	38	24	21	4	4	1	1	1	10	43	75	64	71	40	62	62	88	87	98	144	290	256	119	75	52	32	20	10	3	1	1	2	9	43	113	151	118	63	69	113	81	85	102	158	356	299	212	113	57	22	23	7	8	1	0	2	9	48	114	177	133	60	64	106	111	101	122	157	351	256	158	121	62	30	14	10	5	0	3	3	12	44	94	211	145	61	49	102	121	115	126	166	288	277	143	93	48	46	22	10	4	5	1	2	8	44	91	189	143	70	91	122	132	152	131	187	314	195	116	89	48	40	36	18	15	5	2	2	5	7	29	39	57	97	101	131	151	126	155	213	184	158	97	52	38	13	13	2	2	2	2	1	1	5	15	37	70	102	118	170	175	195	221	166	145	143	83	45	44	26	20	5	2	1	1	2	9	43	97	188	132	51	64	67	94	87	124	159	327	269	155	81	53	36	20	10	1	1	0	3	6	41	102	206	116	69	85	104	124	88	103	154	358	297	161	114	47	27	20	3	3	3	0	1	3	37	80	173	136	60	83	96	91	90	110	157	297	259	143	96	62	38	18	9	3	0	0	3	6	39	90	179	124	60	72	99	119	77	107	150	304	267	124	80	59	33	26	9	3	3	1	7	8	35	92	165	150	65	79	121	138	123	129	181	292	206	115	65	36	45	23	17	9	2	2	1	2	2	14	46	70	100	100	141	146	197	169	169	195	145	88	48	36	45	20	25	19	4	4	4	2	4	16	38	54	90	121	154	156	137	170	176	204	163	91	54	26	32	21	15	4	0	1	3	6	45	95	193	119	89	78	108	117	97	162	180	361	258	172	86	64	19	22
0	0	0	0	0	0	0	0	0	0	0	0	105	135	154	116	136	120	120	111	65	46	51	25	24	9	7	2	10	0	3	7	25	27	45	77	88	90	51	28	64	93	92	87	45	38	28	13	6	3	1	1	0	7	29	42	89	75	55	58	65	66	94	86	135	200	189	135	86	59	20	13	9	6	2	2	0	4	29	67	108	86	54	74	83	98	92	83	133	258	187	146	74	70	37	27	16	10	2	1	3	8	26	61	100	100	56	66	96	91	92	108	149	241	167	125	63	60	41	26	5	9	0	2	2	11	32	61	90	92	63	76	99	98	91	117	148	190	136	96	73	57	38	19	24	14	7	5	10	9	5	12	30	42	62	119	141	130	124	168	167	183	149	100	71	57	33	30	19	12	3	13	1	5	9	11	27	48	80	102	121	134	150	124	141	148	124	72	78	59	25	9	9	5	2	3	2	5	39	68	106	104	54	55	88	81	66	75	134	256	207	104	65	66	32	16	10	8	2	2	0	6	37	66	111	93	50	59	71	75	62	68	133	261	208	142	76	55	44	17	15	8	0	2	1	4	44	65	117	101	57	45	78	80	74	68	103	232	173	106	89	75	44	27	6	16	13	1	0	9	26	62	110	79	63	69	71	52	45	68	126	235	183	37	11	24	28	19	18	4	3	0	2	4	25	60	109	88	42	51	90	124	96	105	191	216	175	100	77	49	31	22	13	9	6	5	5	3	1	14	30	57	58	96	107	145	127	142	119	115	117	88	66	39	27	19	7	9	13	11	4	5	5	12	23	40	62	84	111	144	128	159	152	137	114	107	54	38	33	21	8	3	0	1	1	3	45	54	43	44	34	45	58	58	81	83	112	232	174	95	61	44	27	31	11	2	0	0	0	3	27	70	117	89	60	54	99	88	70	93	125	233	182	123	71	38	34	25	13	5	3	1	1	6	29	65	118	86	52	68	80	73	72	78	124	236	218	116	77	59	36	13	12	6	5	1	0	6	36	60	116	87	55	58	84	103	83	96	126	242	210	115	89	52	48	22	14	5	1	3	6	5	32	51	128	102	60	88	102	108	95	98	190	208	146	86	58	48	46	22	39	6	4	2	1	4	12	14	36	48	64	82	116	87	128	130	148	143	117	92	73	32	27	11	3	0	1	0	3	1	5	14	26	44	64	97	126	129	135	137	129	113	106	67	51	33	31	16	7	1	1	3	2	7	31	52	113	104	60	58	83	78	85	92	137	243	225	106	58	49	29	16	11	12	6	0	2	4	29	56	125	101	69	62	76	77	89	74	135	270	214	118	77	63	43	23	10	9	1	5	0	4	26	64	112	95	67	68	110	81	71	71	153	243	178	92	63	64	22	28	18	2	1	0	1	4	32	68	108	113	69	49	92	123	73	76	128	214	155	98	61	37	22	22	12	9	3	2	4	5	28	58	102	86	47	70	106	107	109	94	150	195	116	84	56	30	28	25	17	10	2	3	3	4	4	18	36	44	69	94	118	121	162	117	161	126	131	68	54	31	50	36	10	20	8	4	4	4	4	10	24	51	70	106	157	130	163	157	135	118	116	102	68	41	31	25	4	3	8	1	0	8	34	72	119	93	77	54	91	92	75	121	147	226	160	116	62	47	36	23
0	0	0	0	0	0	0	0	0	0	0	0	71	68	113	130	97	82	62	55	43	25	34	13	8	9	0	1	1	5	4	5	17	22	55	62	83	73	39	23	48	69	84	56	49	32	24	13	6	4	1	0	3	3	15	44	87	68	41	37	38	38	52	45	62	94	80	66	51	33	27	16	3	3	7	1	3	3	24	59	112	85	54	33	38	47	45	55	57	79	99	73	40	34	36	17	7	0	2	1	1	2	18	36	109	94	35	33	38	44	37	49	62	92	106	85	59	38	34	25	6	2	3	2	1	2	15	45	90	92	33	40	42	57	48	48	54	81	100	76	58	32	28	20	16	5	3	5	5	3	8	11	48	52	67	74	91	95	95	111	124	86	90	71	57	32	28	26	15	17	5	4	2	7	5	18	15	47	64	73	87	111	99	83	113	105	84	77	42	40	27	16	8	0	5	2	2	1	26	45	96	65	28	35	32	31	33	50	53	92	97	61	48	24	23	11	13	0	0	2	5	4	15	58	129	96	48	23	32	24	30	46	58	93	88	82	63	35	18	18	8	5	2	3	3	3	18	50	128	79	40	38	31	29	30	41	49	59	111	78	49	37	25	21	9	7	7	6	2	4	19	64	115	87	52	26	40	29	31	39	54	74	110	29	11	13	23	15	4	8	6	1	2	2	17	57	125	85	22	32	31	47	52	53	69	121	107	70	56	39	25	16	6	6	3	4	2	4	6	13	34	40	53	85	102	113	83	85	110	101	79	59	50	15	21	17	13	12	13	5	0	4	7	14	31	46	59	67	91	100	115	110	125	150	102	55	48	28	20	12	7	5	2	0	2	3	21	55	34	53	32	31	51	46	40	44	55	80	111	81	48	30	8	12	4	5	1	1	2	6	20	51	136	77	21	23	44	46	41	65	84	101	107	105	51	29	23	19	6	5	2	2	2	5	17	64	129	94	35	32	37	32	52	56	63	69	107	69	44	30	25	13	6	6	3	0	3	6	19	54	126	67	35	34	53	40	66	66	67	97	121	80	45	41	17	31	14	3	2	1	2	9	18	53	120	93	45	32	53	74	50	60	76	98	99	69	43	49	26	36	14	11	4	5	4	7	7	17	36	53	68	77	84	87	114	92	105	94	80	49	45	26	24	9	4	1	2	2	1	2	4	12	34	46	59	74	85	70	106	107	104	83	64	64	28	36	24	14	11	5	4	1	4	7	18	49	110	50	37	36	33	31	54	59	45	94	119	49	46	22	32	14	10	4	0	1	4	6	24	57	148	89	45	28	23	44	44	52	62	111	133	85	46	31	19	15	9	8	1	8	3	5	20	58	128	87	42	37	60	46	35	52	50	84	137	73	49	35	27	5	5	4	2	1	2	4	30	61	135	86	43	42	41	46	47	49	43	108	121	74	57	31	31	23	8	3	2	0	5	7	26	48	116	84	40	33	38	57	65	59	78	100	110	80	64	44	45	26	13	7	6	2	5	2	4	15	43	45	85	88	103	90	112	164	119	149	127	95	44	58	46	30	22	7	8	1	0	1	9	9	25	45	68	98	102	122	118	128	161	153	146	77	48	29	29	14	8	5	1	3	6	3	19	64	112	74	37	39	46	47	39	51	54	88	113	78	50	24	30	19
0	0	0	0	0	0	0	0	0	0	0	0	109	85	131	139	151	118	131	97	85	63	84	40	30	11	8	5	5	5	10	8	30	56	77	100	134	108	47	64	89	98	130	106	84	51	40	36	15	15	5	3	0	8	29	61	132	94	56	35	85	95	76	91	120	248	281	207	108	91	67	27	14	13	0	5	2	15	42	75	160	121	80	79	106	107	85	105	131	271	268	197	118	102	58	42	22	10	6	1	2	6	48	70	156	109	69	84	125	126	119	95	137	265	300	190	125	117	84	44	19	11	4	4	0	5	41	74	122	123	87	96	120	108	114	117	161	229	248	200	116	118	92	47	29	14	7	9	8	4	6	17	33	79	106	175	183	188	230	213	181	187	185	148	115	68	105	65	56	24	18	6	3	3	7	11	43	80	96	142	216	169	168	182	219	214	157	153	107	46	49	31	14	4	2	2	0	9	35	82	127	102	80	86	106	94	98	117	116	259	297	186	121	71	57	44	16	12	4	2	1	12	46	84	153	111	74	101	102	108	116	100	109	256	236	171	127	72	85	46	16	10	13	3	4	10	50	94	160	143	85	87	100	89	93	103	112	223	298	218	123	92	63	39	32	12	4	4	2	7	35	85	135	141	76	86	128	63	80	100	126	210	248	63	22	41	48	35	17	12	8	1	0	4	32	82	155	125	75	83	106	141	124	147	185	274	248	169	81	54	53	32	22	17	16	6	2	2	8	15	33	68	101	117	124	172	196	161	178	165	173	119	73	56	36	38	24	20	14	5	6	3	1	14	44	59	134	160	155	216	189	189	198	154	173	133	94	72	45	25	13	3	0	0	0	14	37	84	61	66	56	63	87	78	91	98	110	228	240	119	99	59	51	26	23	6	2	1	4	7	40	86	163	128	86	88	114	88	109	119	144	253	248	177	105	64	37	39	20	9	2	3	0	6	38	84	167	131	88	86	106	99	110	109	120	262	264	151	117	87	47	30	29	6	6	2	4	12	29	88	161	124	87	85	129	121	121	130	158	265	242	178	110	84	74	38	31	19	8	4	3	13	33	74	156	115	91	115	104	135	147	179	214	289	260	164	105	69	55	53	32	23	14	11	4	3	7	14	51	73	113	142	146	164	171	166	168	194	159	110	74	59	36	11	6	0	1	1	3	3	3	9	34	77	88	157	178	179	196	179	179	160	137	101	71	58	36	19	8	4	2	2	2	13	38	99	141	123	81	67	109	81	101	109	168	298	286	168	101	77	43	19	16	4	6	1	0	12	38	86	157	148	98	80	124	108	132	148	169	271	266	163	115	70	60	23	21	6	2	1	3	8	37	75	177	132	103	87	125	125	111	117	151	272	302	206	103	79	65	51	19	7	4	3	3	9	29	84	182	123	86	82	115	131	120	135	153	275	240	148	115	90	46	41	20	13	3	3	5	9	28	73	153	140	73	115	131	130	149	136	176	268	215	141	99	57	61	48	29	17	19	5	2	2	6	25	41	96	134	177	177	207	179	226	238	209	161	116	95	66	60	44	43	25	18	17	4	2	3	17	43	58	124	163	177	199	195	189	220	187	154	110	60	59	41	23	13	10	1	2	3	4	43	102	174	144	87	67	114	132	106	115	145	272	355	166	98	72	37	22
0	0	0	0	0	0	0	0	0	0	0	0	197	239	241	249	246	272	231	199	142	147	100	103	55	53	25	25	18	7	9	14	44	86	122	130	183	258	107	82	182	240	258	194	112	111	104	68	31	24	4	2	6	12	50	118	229	227	133	122	175	175	185	209	235	349	490	423	238	185	128	88	42	15	14	10	5	21	46	150	296	271	167	158	207	201	244	242	270	384	436	349	257	176	154	87	53	23	16	5	6	12	45	114	258	241	190	156	204	188	234	239	262	332	489	369	214	208	147	113	94	34	17	14	4	10	38	105	280	253	176	198	220	221	254	242	272	357	395	296	219	150	151	115	109	90	62	29	18	4	14	23	78	129	214	227	325	365	356	403	389	406	330	292	199	134	155	137	118	86	65	31	22	4	10	16	60	107	173	256	319	311	342	350	403	378	299	295	188	171	140	90	31	25	8	5	5	14	53	139	263	247	164	186	223	235	205	207	261	374	497	353	234	206	154	92	42	19	10	9	3	11	51	150	279	248	175	168	213	211	210	234	244	409	528	386	299	204	158	115	70	33	12	11	4	11	55	140	303	282	169	146	212	235	194	209	224	331	476	372	244	197	149	134	74	36	24	16	6	18	41	137	285	232	162	166	222	122	154	229	246	405	526	113	55	101	115	122	64	29	20	13	3	9	38	142	287	263	157	151	203	259	266	279	333	454	425	303	232	150	110	80	110	77	55	31	19	5	8	32	58	125	169	252	292	334	358	378	393	330	301	241	173	138	131	125	87	48	76	28	15	5	13	21	44	119	156	202	286	368	346	367	411	372	312	317	212	152	113	59	29	10	7	5	3	16	37	139	102	158	116	115	173	211	227	208	249	389	477	351	242	172	127	111	44	17	5	4	2	13	63	168	310	267	155	145	201	244	221	243	303	405	527	373	257	189	119	92	47	14	7	5	5	10	45	156	294	286	202	164	235	249	246	253	252	402	509	332	255	199	170	97	70	31	10	12	11	16	48	148	322	269	169	182	251	255	247	254	324	443	486	375	285	204	178	139	71	45	20	18	9	13	39	131	272	234	153	194	236	267	279	298	353	439	458	290	247	201	145	160	127	81	46	51	25	7	9	40	69	123	208	221	277	303	337	387	408	343	333	247	204	160	110	55	19	13	12	10	9	3	10	23	45	114	179	243	322	385	361	378	381	335	335	229	180	132	85	65	29	17	9	5	2	16	54	145	336	242	151	145	198	240	229	243	280	340	498	341	245	161	130	76	35	13	5	4	4	20	55	136	279	287	184	172	230	225	220	263	301	422	548	341	229	187	149	94	53	17	9	9	6	13	34	149	309	253	195	167	248	252	271	260	298	385	480	381	248	226	135	133	63	25	11	6	3	20	50	148	295	311	188	177	225	281	230	252	270	439	517	387	276	188	174	115	71	33	16	6	11	11	38	143	284	278	184	180	246	265	285	253	290	402	424	311	234	141	155	143	94	90	59	26	22	6	18	28	71	149	219	271	314	361	377	452	407	418	322	275	191	140	146	122	119	107	79	29	22	6	13	13	60	104	165	265	346	355	366	367	412	340	301	233	199	125	112	89	48	18	13	10	1	16	56	149	290	250	145	154	194	237	216	222	300	421	512	401	282	215	122	104
0	0	0	0	0	0	0	0	0	0	0	0	128	134	132	147	148	151	135	124	104	88	85	67	46	24	20	10	7	10	9	17	41	99	117	131	156	137	94	52	119	143	162	135	108	86	44	44	31	9	6	1	3	12	71	159	263	130	70	80	100	104	87	100	121	145	173	154	104	80	51	40	24	14	3	3	1	20	94	223	318	186	92	104	101	118	110	127	100	158	178	146	113	68	100	41	19	7	6	7	2	18	66	178	314	184	106	107	108	118	123	102	118	155	173	203	117	84	93	56	39	15	7	6	3	22	63	180	293	160	85	98	109	123	104	120	131	153	174	163	111	90	91	72	70	35	34	19	11	5	16	36	90	118	147	170	236	186	189	208	191	222	177	158	117	130	88	71	68	47	31	25	15	11	19	34	58	107	177	199	234	211	194	188	225	219	214	146	108	88	68	45	26	10	1	3	3	25	90	200	208	112	77	103	101	102	106	106	116	149	181	154	108	85	68	45	21	11	6	4	7	16	97	233	288	150	85	76	98	106	82	106	94	177	186	174	135	87	87	58	42	13	5	4	7	29	89	231	249	120	103	91	97	108	105	116	103	143	176	160	130	81	83	62	38	28	3	3	3	21	83	215	381	192	102	101	112	73	76	122	126	164	204	51	24	34	47	44	48	14	6	4	3	13	76	192	348	141	99	75	118	118	127	140	134	182	176	145	125	76	68	62	48	40	28	23	13	6	20	33	70	147	169	175	227	221	214	180	188	194	180	133	102	91	67	75	40	36	36	16	14	9	18	24	49	108	132	220	210	194	194	163	173	242	176	163	119	98	55	35	29	8	5	1	4	22	75	216	146	156	80	70	84	103	114	105	121	159	161	137	105	78	69	42	21	8	1	4	3	19	85	222	350	143	76	68	98	110	114	140	117	185	198	155	97	81	61	59	25	8	6	4	3	20	91	235	375	157	105	116	118	118	120	111	114	155	217	159	97	101	88	44	34	12	9	5	5	20	65	206	374	151	121	89	116	110	101	150	136	171	223	151	86	111	82	55	40	25	7	7	5	14	71	206	355	155	125	122	120	148	115	142	161	188	199	141	95	102	80	72	65	48	35	27	12	4	22	35	83	144	163	227	206	212	239	216	182	182	170	141	125	102	63	23	13	16	7	3	4	7	11	23	74	115	160	200	231	174	206	207	218	206	169	130	123	61	56	34	9	4	2	0	4	22	85	191	236	149	89	89	95	104	99	122	88	180	202	167	107	64	56	36	18	9	10	1	4	22	92	236	395	181	126	93	104	113	121	105	128	173	203	171	114	116	78	52	24	12	4	7	3	23	95	212	382	185	95	101	122	114	123	114	145	178	210	160	115	97	55	64	32	16	7	2	11	21	96	235	404	176	106	94	126	123	110	139	152	170	191	169	110	94	74	60	41	18	14	10	5	17	62	211	386	241	104	133	122	139	119	124	150	151	189	146	104	76	86	61	52	46	42	20	13	14	28	43	95	158	173	231	237	258	237	238	203	234	197	155	107	89	82	89	64	37	40	28	10	16	24	30	54	117	174	178	233	211	210	201	214	205	176	140	125	63	64	53	19	12	6	5	3	24	83	196	333	121	83	91	114	117	128	126	124	173	181	174	102	74	68	38
0	0	0	0	0	0	0	0	0	0	0	0	229	225	226	256	279	250	250	199	153	109	66	69	66	29	33	25	33	15	15	27	49	97	133	186	228	262	105	78	178	222	262	211	129	94	85	60	30	10	4	5	7	19	70	152	264	179	114	154	149	174	182	183	206	348	458	317	242	171	105	72	27	19	6	12	8	26	78	206	298	245	152	143	190	203	221	200	252	390	469	335	268	206	127	116	51	31	10	7	11	18	74	182	273	227	161	149	184	198	200	194	235	323	418	344	253	146	126	97	63	31	11	3	13	16	61	190	276	217	157	183	195	196	218	229	267	379	417	306	214	140	122	86	60	51	38	21	13	8	14	48	125	146	220	261	293	339	323	352	399	369	300	296	171	140	107	78	72	72	47	29	18	4	9	31	56	142	205	265	314	323	323	338	309	361	326	231	164	130	111	52	31	8	11	6	5	29	53	232	249	210	156	149	170	192	180	217	238	346	469	310	204	174	124	59	25	12	7	3	9	30	78	183	281	224	162	154	176	200	226	196	257	373	466	374	222	198	159	112	60	27	8	10	7	30	82	215	280	260	159	155	172	207	181	190	232	358	456	364	253	204	138	98	41	29	21	11	8	20	84	201	329	220	154	148	191	104	147	172	228	321	465	139	66	96	113	61	45	29	18	14	9	18	65	193	350	250	126	137	195	227	221	229	288	383	431	328	194	149	110	77	62	47	31	24	20	4	10	42	89	165	248	291	325	360	347	331	337	321	296	215	157	88	82	65	59	49	35	12	17	6	7	25	60	128	213	261	365	332	311	359	330	296	352	223	171	103	78	50	25	10	2	5	5	17	56	176	117	162	123	130	140	190	191	202	245	355	391	350	248	176	124	58	21	13	6	1	4	22	100	231	318	277	153	142	191	200	235	219	243	392	563	345	229	204	125	71	34	19	8	5	9	22	94	242	305	242	174	174	170	213	205	205	261	381	480	317	214	167	141	99	47	16	7	6	4	21	86	199	348	230	168	170	206	235	211	228	229	393	474	327	254	181	161	107	73	32	24	12	12	18	74	204	300	245	189	195	208	249	254	235	270	410	456	349	187	167	117	112	84	53	51	22	9	12	10	51	116	174	245	266	310	326	364	353	370	377	312	207	165	111	73	22	8	2	6	6	10	5	9	33	63	143	198	288	378	300	355	377	353	342	256	206	135	101	65	52	18	10	6	3	3	27	60	218	272	224	131	155	183	160	209	178	241	358	455	327	220	143	111	55	27	14	4	2	1	24	98	205	343	222	159	156	185	217	221	215	262	403	526	324	239	201	138	105	34	17	7	7	8	22	66	215	325	250	158	177	197	207	230	226	222	364	518	364	268	192	149	97	40	20	18	5	7	21	81	217	348	240	185	148	169	225	200	203	233	366	475	305	230	192	160	88	49	35	16	6	11	20	64	202	315	278	159	183	190	244	230	251	251	365	402	249	183	118	120	113	67	45	34	21	22	9	12	49	97	164	228	280	307	332	398	352	382	362	366	246	190	91	116	112	91	78	46	29	12	11	8	41	71	110	177	260	359	314	293	330	352	380	305	241	133	113	82	48	22	17	10	3	4	19	64	188	281	235	161	124	179	218	207	214	248	409	445	326	219	181	108	69
0	0	0	0	0	0	0	0	0	0	0	0	224	240	269	289	233	262	271	222	156	128	104	77	60	48	21	21	7	12	16	34	43	120	170	198	292	252	143	96	272	275	271	241	159	134	95	56	32	12	7	2	5	33	144	267	453	393	191	184	250	291	285	259	370	558	586	404	250	169	103	45	34	14	7	1	3	31	171	287	538	408	251	223	297	309	277	314	369	582	577	423	250	165	143	80	49	25	13	10	3	35	148	279	446	418	204	221	325	318	297	284	321	556	605	448	303	177	105	95	55	40	16	1	7	27	134	244	418	423	240	243	318	341	318	346	404	567	599	370	222	153	107	107	76	45	31	18	10	6	14	51	99	166	226	313	372	374	380	391	416	399	321	278	190	133	121	88	77	44	41	30	22	6	8	39	74	139	206	283	376	372	338	341	432	401	350	298	208	174	132	73	39	25	6	4	8	30	160	306	528	429	229	222	306	316	299	310	380	668	597	398	249	183	120	63	43	16	12	2	4	31	178	328	540	504	264	254	321	275	290	290	371	607	642	397	304	214	149	85	52	14	10	8	9	30	155	310	517	454	283	262	268	297	255	256	368	669	615	433	264	194	116	85	46	15	8	5	6	39	185	318	509	454	253	247	323	163	247	293	397	655	648	165	70	90	120	92	51	21	14	11	3	22	127	269	454	466	205	199	310	357	366	350	440	539	497	333	202	144	110	79	49	36	26	19	8	5	14	46	94	175	211	305	410	401	399	358	336	367	329	255	160	130	127	90	52	50	35	13	10	3	10	34	65	120	231	263	331	342	345	353	417	368	412	257	247	120	107	57	24	21	3	2	2	33	157	290	173	321	172	182	250	300	309	318	378	632	600	427	332	186	142	61	40	17	6	8	8	42	182	293	554	504	259	247	310	290	351	336	443	683	718	480	307	170	115	48	40	19	8	3	3	32	134	314	496	454	302	263	312	344	312	307	367	570	703	385	291	187	156	85	43	21	6	2	4	25	161	281	521	454	259	258	324	339	348	314	433	691	652	460	290	197	163	95	47	12	9	6	7	23	153	262	457	457	262	297	341	346	363	357	484	614	589	382	226	169	126	105	60	35	24	24	11	8	25	53	109	183	232	301	346	348	345	354	338	351	332	290	176	143	83	40	11	7	4	14	6	4	14	21	63	121	210	270	344	370	371	368	421	369	273	254	192	97	94	60	25	12	5	3	2	31	137	248	495	473	257	280	318	277	326	324	431	618	641	446	284	172	101	42	28	20	12	5	1	32	145	256	529	438	258	245	332	339	331	344	438	640	653	453	303	187	146	70	42	18	8	7	8	30	162	215	549	475	277	271	311	317	326	333	412	699	742	447	284	178	147	70	35	13	6	0	5	31	167	291	580	455	269	239	336	345	340	318	411	642	702	464	289	189	138	86	40	23	7	3	7	22	147	280	462	433	251	298	311	378	351	349	425	627	521	350	230	157	124	97	88	32	28	21	15	6	14	42	104	182	268	331	367	448	390	382	409	414	325	268	188	132	94	117	83	57	30	12	12	12	9	31	55	134	238	270	344	387	341	357	384	373	358	249	207	132	102	68	23	16	7	5	4	29	166	279	499	440	219	257	301	316	353	329	415	703	649	452	273	171	108	51
0	0	0	0	0	0	0	0	0	0	0	0	98	80	101	80	80	83	85	55	64	49	44	35	18	5	6	4	1	2	7	16	36	37	66	81	95	108	42	34	81	88	77	73	45	33	32	24	10	0	2	0	0	9	55	104	182	93	56	49	66	78	63	96	96	195	161	144	97	66	23	23	13	12	1	0	0	13	60	147	226	132	67	54	83	89	79	103	117	173	197	168	103	51	47	23	22	10	4	3	1	11	40	114	212	138	64	56	84	80	77	84	97	178	184	135	103	61	32	41	20	6	6	1	1	14	59	101	187	141	76	65	90	82	103	103	107	194	154	123	73	51	35	36	36	5	13	3	4	6	11	33	55	83	110	101	99	109	139	105	110	109	128	112	68	45	50	35	32	17	8	8	2	0	6	19	38	86	114	130	135	135	131	115	148	128	138	121	81	53	41	51	10	2	3	0	1	10	66	137	227	102	70	64	68	80	105	117	113	236	249	160	88	72	37	28	19	4	4	0	2	16	59	174	234	148	67	81	87	67	74	95	115	231	187	164	112	53	55	27	12	11	2	0	2	12	52	142	230	140	71	69	76	68	79	93	102	175	187	143	96	86	49	24	16	9	1	1	3	20	58	152	251	122	74	72	81	40	75	79	110	179	186	62	22	32	34	25	10	3	0	0	3	13	51	145	232	125	72	68	56	84	111	129	140	195	176	120	83	47	46	27	14	11	6	7	2	7	17	24	47	81	102	120	93	86	88	100	115	123	110	94	61	72	39	22	18	20	6	3	3	6	6	17	55	72	101	116	138	132	114	108	134	119	120	96	76	50	35	21	19	13	3	0	4	10	52	154	86	106	65	62	69	88	74	103	141	224	202	151	103	66	33	27	15	3	1	0	2	16	59	159	262	132	84	69	80	99	110	116	133	213	220	150	90	64	49	27	11	6	4	4	3	14	58	152	258	141	71	59	79	68	85	113	134	235	232	173	102	60	45	33	17	6	2	3	0	8	48	133	268	164	63	71	87	95	78	123	121	201	219	167	112	65	54	44	13	9	3	0	1	7	46	137	277	124	79	76	88	109	109	107	138	242	207	126	69	60	52	40	22	18	10	3	11	2	10	24	57	74	102	125	121	93	99	111	119	109	108	116	80	49	36	10	0	2	2	2	1	0	5	12	44	58	98	116	94	135	112	106	118	103	125	91	76	40	42	21	6	2	1	0	3	11	53	155	235	106	61	62	72	73	103	90	97	202	205	153	95	50	50	22	7	4	1	4	3	14	50	162	248	142	80	64	98	84	85	91	144	224	209	145	108	58	53	24	14	6	2	0	4	17	58	144	255	142	84	65	76	83	99	103	123	194	197	137	88	67	54	43	7	8	2	0	1	6	55	147	270	139	90	78	85	96	97	101	133	206	209	151	97	86	49	40	12	3	1	3	2	13	54	146	249	148	82	69	78	91	103	115	135	205	156	142	69	57	43	39	22	23	6	9	0	6	8	25	55	75	106	101	109	113	129	89	103	91	106	78	59	61	30	29	21	15	13	14	2	2	8	19	34	77	85	128	151	119	100	112	118	124	125	80	68	40	38	23	7	1	4	0	1	9	57	149	236	131	62	66	68	80	76	88	125	198	191	151	101	57	42	25
0	0	0	0	0	0	0	0	0	0	0	0	101	105	104	128	113	118	129	104	67	48	55	44	37	12	9	5	5	8	10	21	33	53	73	94	98	91	35	24	53	91	89	104	54	45	44	23	25	3	2	0	3	22	120	191	203	134	50	54	65	61	75	78	88	186	223	136	116	78	45	34	21	3	5	2	5	24	146	241	222	114	71	66	90	97	65	77	121	181	207	188	117	92	56	45	28	16	7	7	3	22	140	160	198	130	62	61	64	65	83	80	112	176	198	170	111	75	43	42	22	14	7	4	4	28	140	202	158	109	64	70	85	71	76	88	121	252	198	163	91	72	54	34	23	16	17	7	2	5	20	37	61	86	105	141	140	129	159	161	164	145	129	115	68	69	41	48	24	26	7	7	7	5	9	22	34	75	98	128	135	122	116	124	150	125	130	112	63	53	45	43	11	6	2	5	6	31	135	222	168	119	91	59	74	96	75	103	96	163	251	205	91	92	67	31	13	6	4	3	5	37	183	226	198	114	70	57	92	67	75	78	92	195	253	206	138	93	75	41	20	11	1	1	6	30	149	162	189	111	84	82	73	75	72	78	93	190	258	188	97	74	68	51	28	14	7	2	7	35	108	183	191	117	97	69	73	35	74	87	111	175	246	66	29	46	59	34	26	23	10	2	5	35	114	222	245	140	74	71	91	82	105	90	139	198	263	173	99	83	52	43	25	12	18	13	4	4	16	34	48	74	98	94	141	145	120	133	130	140	128	75	60	44	59	40	19	16	8	8	7	2	8	20	39	74	82	108	139	121	153	120	134	145	134	106	72	60	51	27	10	7	2	2	7	32	143	211	64	106	61	54	52	77	93	96	95	191	247	142	97	72	49	27	9	9	3	1	9	33	167	229	242	137	70	81	89	94	78	88	123	199	238	197	96	72	61	30	19	5	2	3	4	38	170	222	198	141	69	77	106	92	84	96	98	206	247	170	103	92	49	32	21	10	5	4	6	28	150	257	196	165	108	98	96	84	98	96	127	183	215	174	101	71	66	45	27	10	3	4	8	27	160	177	238	128	77	90	101	104	108	103	126	218	275	141	95	78	54	37	30	14	15	10	5	3	19	35	71	89	87	113	126	136	146	139	130	146	113	75	38	48	29	13	2	5	2	5	5	2	12	17	51	59	104	103	141	108	144	145	154	138	98	93	37	60	38	29	18	3	5	0	5	28	119	136	95	112	70	45	67	69	86	97	116	185	224	161	99	82	34	20	11	9	5	1	7	30	166	204	214	123	71	65	98	93	88	77	121	188	235	159	115	93	52	38	14	7	0	0	4	33	159	223	211	119	70	68	85	82	96	97	96	151	229	155	113	94	80	42	18	13	2	1	5	27	156	198	182	128	72	79	74	75	81	89	122	162	252	176	88	78	77	39	26	9	15	3	7	29	163	217	189	125	77	82	101	101	97	90	124	200	217	139	72	64	56	41	40	9	6	2	6	7	20	39	52	97	114	128	125	134	150	136	150	135	129	112	56	50	54	52	23	19	18	4	8	4	18	20	39	70	107	117	156	136	149	139	129	138	110	97	58	48	35	25	14	5	4	1	4	20	110	192	145	101	77	72	68	76	81	93	127	195	249	178	98	67	53	29
0	0	0	0	0	0	0	0	0	0	0	0	161	183	198	196	198	194	163	142	106	74	86	60	39	35	25	7	2	13	4	12	31	62	97	136	161	142	70	48	146	187	195	121	96	77	58	46	21	13	9	0	2	17	84	167	330	246	138	140	150	170	171	166	264	494	309	203	154	82	73	27	33	7	6	4	4	18	60	203	407	282	143	188	209	222	221	245	330	474	360	233	144	115	114	52	41	17	2	5	1	13	56	211	323	288	121	142	194	192	195	218	302	519	400	246	120	108	93	42	26	9	6	4	5	21	68	191	301	294	149	173	232	187	200	246	403	489	294	200	145	87	62	52	43	30	14	9	7	3	12	19	34	81	131	211	222	239	239	262	276	280	235	170	117	86	77	69	52	29	19	13	6	6	8	25	47	75	139	170	216	240	220	222	213	212	230	181	127	85	85	45	32	12	4	3	1	9	78	190	385	332	163	154	192	190	211	191	326	495	444	229	103	88	77	34	25	10	4	3	3	12	72	223	390	303	159	183	179	191	152	200	311	532	391	199	129	78	68	43	20	15	6	2	2	13	76	209	346	301	140	136	196	175	167	196	285	421	371	186	112	84	90	29	20	20	12	3	3	18	69	204	370	312	153	118	187	92	143	170	315	498	319	98	34	60	80	46	31	12	11	4	2	12	73	177	357	314	120	129	194	228	224	288	396	554	275	187	106	91	72	63	35	19	12	5	8	3	10	22	35	94	136	145	211	190	181	226	235	250	199	123	94	74	70	67	44	37	19	15	13	6	4	22	25	74	124	143	191	211	212	238	244	228	182	127	108	81	56	49	27	14	7	3	1	22	70	182	122	168	121	127	171	193	184	166	279	548	368	199	125	82	75	48	33	5	1	1	3	13	75	206	406	354	180	155	223	235	198	210	345	544	440	261	160	106	88	38	32	8	5	5	2	15	79	238	401	343	167	158	214	218	204	256	373	528	433	199	133	134	88	46	37	13	6	5	2	14	78	221	410	315	153	192	226	225	241	233	329	585	421	252	156	126	87	59	38	10	9	6	8	9	68	215	411	335	164	200	247	257	245	272	409	554	402	226	143	90	91	60	37	34	15	9	8	10	8	23	39	94	124	172	193	192	256	222	260	241	193	119	75	60	46	13	9	8	3	5	2	2	7	15	39	93	151	178	220	202	230	248	226	217	187	138	68	59	59	21	21	5	2	3	3	21	82	206	412	323	171	161	196	212	188	211	286	447	393	264	148	89	41	37	16	8	5	5	2	15	73	210	377	317	170	174	229	214	200	233	316	544	434	224	160	67	87	65	19	6	5	2	3	12	71	182	389	323	184	181	213	239	201	243	327	507	341	219	192	105	80	43	24	9	6	3	2	12	69	217	438	309	171	148	206	244	245	218	300	537	464	171	130	75	89	54	35	16	10	4	5	10	53	175	385	319	170	158	226	229	259	243	380	539	377	183	103	85	89	59	41	28	19	16	8	7	12	25	56	97	135	144	189	242	261	239	225	266	232	158	129	87	107	64	28	32	28	24	11	3	8	14	35	83	117	165	203	197	209	235	245	240	172	124	83	56	61	58	17	5	1	3	5	17	102	195	437	375	160	160	197	197	216	214	348	520	349	239	129	80	67	38
0	0	0	0	0	0	0	0	0	0	0	0	52	92	82	64	76	95	79	55	40	22	27	22	17	10	6	5	2	2	2	6	10	36	46	45	73	56	34	24	74	67	102	65	32	28	17	20	5	5	2	0	0	9	27	67	94	60	48	56	74	80	87	81	157	296	152	97	69	46	31	27	20	4	5	1	3	8	19	86	111	93	75	75	96	105	103	97	184	267	170	92	66	46	26	23	7	6	3	2	1	7	18	63	79	74	70	61	74	80	77	121	169	265	190	105	55	32	24	29	16	7	3	0	2	8	19	57	109	85	66	62	96	101	92	120	236	268	151	78	49	27	52	28	15	9	4	4	2	3	4	21	22	41	46	89	89	91	95	111	123	110	90	65	52	28	32	35	18	11	9	3	4	2	6	14	23	47	49	85	100	117	117	83	99	106	108	65	49	31	29	28	9	3	0	2	0	10	35	56	119	96	69	79	83	95	76	108	174	253	171	104	60	46	37	25	8	5	1	0	1	9	26	62	105	85	56	58	79	104	101	104	190	318	170	85	60	39	24	17	8	6	0	0	0	8	21	65	107	91	63	60	89	64	82	89	171	270	139	57	50	52	45	26	7	2	1	1	4	10	32	69	120	86	56	73	89	42	59	104	167	252	125	37	10	21	21	20	13	8	5	4	3	6	19	80	122	101	54	64	77	113	129	134	252	227	106	71	68	34	33	22	19	6	8	3	5	2	4	14	27	34	52	75	106	100	103	110	114	70	107	54	42	47	24	29	10	14	4	5	3	0	2	9	29	48	69	84	131	109	123	107	122	100	88	82	50	60	24	26	9	7	2	2	2	10	19	74	39	57	44	40	64	74	79	86	159	287	154	95	83	47	31	24	6	5	1	2	2	12	27	73	117	114	70	77	88	118	127	112	175	288	141	81	87	42	31	15	7	0	2	1	3	6	16	76	128	104	61	53	92	92	99	118	180	311	169	110	81	50	36	13	10	7	5	1	2	9	31	78	119	92	89	58	105	95	113	125	174	287	173	112	88	63	52	28	11	5	1	3	1	6	16	78	136	113	61	76	110	104	114	150	247	271	130	66	65	32	36	32	19	10	4	8	2	3	7	24	24	50	81	76	78	78	97	117	116	139	103	93	39	32	20	10	1	1	1	2	2	3	2	12	18	63	84	95	127	94	123	82	101	102	84	47	37	31	32	18	5	6	2	2	4	8	25	77	118	102	45	71	77	88	72	83	166	340	148	108	60	44	27	17	8	2	2	2	4	7	26	66	109	108	58	71	99	97	94	107	182	280	132	95	60	48	33	25	9	7	2	1	1	12	30	60	125	101	69	67	97	91	75	103	188	299	139	123	43	38	36	20	7	4	2	3	3	6	33	67	102	103	77	62	99	111	92	97	161	269	121	93	90	54	32	19	14	3	4	3	2	7	23	76	105	106	80	83	116	124	98	140	211	225	116	64	52	45	33	32	16	10	4	6	3	2	2	20	26	61	66	91	98	116	115	95	103	115	88	65	49	42	53	36	13	10	12	1	3	4	3	9	21	55	71	87	113	105	124	101	103	123	97	61	44	22	29	20	8	6	5	0	4	8	26	68	119	112	70	81	84	103	94	93	203	303	173	114	63	39	18	23
