30	30	20	10	9	2	0	7	6	18	29	40	46	41	48	37	30	35	21	21	27	17	22	22	31	16	4	10	3	2	2	7	7	14	10	25	36	30	21	28	33	23	43	32	10	15	39	27	20	17	10	2	6	0	21	27	59	41	71	63	92	50	34	78	71	59	57	57	49	52	25	27	17	13	5	2	1	1	7	12	36	41	39	42	44	49	50	36	36	54	41	36	29	51	30	35	29	15	6	3	1	6	8	70	26	51	49	33	46	54	104	69	59	47	35	38	34	35	26	37	9	32	8	4	1	2	6	10	38	35	39	47	61	48	48	36	35	33	26	34	21	17	31	30	16	4	3	6	2	0	5	7	11	22	41	30	41	42	41	35	55	41	36	28	34	31	33	45	45	17	6	13	4	1	6	6	22	9	22	42	36	49	36	46	55	38	38	53	49	54	34	38	27	9	2	0	0	2	2	19	36	51	33	33	62	61	33	20	46	34	43	32	47	48	60	56	30	13	5	7	1	2	3	24	40	38	33	31	47	73	46	65	34	45	31	54	65	63	54	61	47	39	20	16	10	11	39	70	108	136	147	98	119	126	86	71	76	95	87	88	119	130	108	81	39	25	11	13	3	3	12	13	32	38	41	33	50	50	44	41	40	38	49	47	40	45	32	20	26	22	12	4	1	7	21	12	27	27	40	55	54	33	50	48	49	43	48	30	20	16	24	12	14	12	6	5	1	0	2	3	6	20	23	37	54	46	34	46	42	34	27	31	21	20	19	41	31	27	3	3	3	4	2	6	13	13	24	41	48	40	31	37	54	40	63	32	20	47	33	34	17	13	8	1	1	1	4	21	39	38	33	28	51	35	38	35	31	41	49	48	33	31	21	11	20	16	8	11	1	0	4	34	71	79	81	72	67	59	60	59	43	55	63	72	63	62	22	7	4	7	4	4	1	0	13	19	35	56	55	50	61	61	60	40	61	72	50	52	37	41	29	8	17	10	3	1	3	1	17	16	18	42	51	53	52	65	56	46	44	59	42	21	28	32	24	22	48	20	26	3	2	1	11	17	35	42	47	76	80	61	60	60	42	44	54	45	18	43	25	20	21	29	3	5	10	5	5	1	23	14	18	44	58	55	76	48	66	65	40	34	25	38	20	23	5	0	0	0	0	0	0	0	0	0	0	0	0	0	0	0	0	0	0	0	0	0	0	0	0	0	0	0	0	0	0	0	0	0	13	31	42	32	47	25	45	35	40	37	32	26	32	25	17	2	3	4	1	7	6	15	25	51	42	36	42	35	55	41	0	0	0	0	20	26	7	3	0	0	0	0	0	0	0	0	0	0	0	0	0	0	0	0	0	0	0	0	0	0	0	0	0	0	0	0	0	0	0	0	0	0	0	0	0	0	0	0	0	0	0	0	0	0	0	0	0	0	0	0	0	0	0	0	0	0	0	7	0	0	0	0	0	0	0	0	0	0	0	0	0	0	0	0	0	0	0	0	0	0	0	0	0	0	0	0	0	0	0	0	0	0	0	0	0	0	0	0	0	0	0	0	0	0	0	0	0	0	0	0	0	0	30	23	28	35	36	10	23	3	7	3	2	1	4	12	38	28	31	41	48	37	50	49	56	48	33	35	27	46	49	24
27	17	16	14	26	14	5	12	16	25	40	53	39	46	46	33	41	49	56	44	29	33	34	28	28	14	23	16	4	8	10	16	13	24	13	43	52	34	51	40	28	33	31	41	42	23	44	41	18	20	38	10	19	3	8	16	29	35	51	85	71	64	41	39	42	38	58	51	45	48	67	46	54	17	22	11	8	2	10	26	47	63	61	65	69	60	52	59	57	45	42	66	46	47	38	34	37	38	22	13	5	6	12	15	26	38	72	72	80	54	74	48	58	42	47	67	53	68	35	40	48	18	16	21	6	4	18	30	36	59	82	51	76	91	71	68	84	70	66	43	35	48	42	48	35	35	17	23	7	14	6	29	11	23	43	61	52	72	68	59	57	32	66	59	49	47	35	75	38	50	36	29	13	1	14	22	28	16	26	32	42	46	63	63	62	51	54	39	43	33	44	63	29	20	9	15	3	5	11	33	32	46	55	61	84	49	49	76	45	55	46	78	64	59	59	70	68	26	17	2	6	5	9	27	43	50	55	60	63	80	68	63	72	64	55	50	45	58	51	56	48	36	9	13	4	3	16	31	44	74	81	51	68	74	77	79	65	64	53	51	70	73	44	56	74	31	18	9	5	9	10	41	53	68	60	100	107	64	87	96	64	56	52	61	72	57	70	54	32	23	19	16	11	3	8	28	45	39	61	60	41	67	47	79	72	54	69	63	46	52	57	41	43	16	17	8	7	11	5	20	38	34	33	44	45	44	56	59	51	57	65	44	37	45	34	27	46	44	19	34	2	3	6	6	10	35	40	59	67	48	75	55	56	52	60	57	42	35	35	43	25	20	13	15	7	11	10	34	35	52	81	122	76	56	51	71	61	59	68	73	61	33	56	55	34	43	13	6	4	8	15	35	50	54	125	89	90	93	73	58	75	56	93	61	51	88	52	54	30	40	26	5	8	7	11	26	28	81	69	85	70	98	93	85	104	58	48	96	59	43	57	42	38	33	30	14	5	6	5	31	39	62	81	81	68	60	90	88	62	65	57	73	43	55	52	51	40	45	24	13	7	11	10	35	29	44	77	67	56	64	60	59	70	67	66	68	51	42	28	42	40	30	17	24	18	18	6	13	17	55	54	40	46	59	64	62	51	94	50	57	53	45	39	40	3	0	0	0	0	0	0	0	0	0	0	0	0	0	0	0	0	0	0	0	0	0	0	0	0	0	0	0	0	0	0	0	0	0	13	76	82	81	83	84	74	65	82	67	48	47	74	48	37	20	10	3	19	3	11	22	42	56	58	94	74	54	97	105	0	0	0	0	35	41	3	2	0	0	0	0	0	0	0	0	0	0	0	0	0	0	0	0	0	0	0	0	0	0	0	0	0	0	0	0	0	0	0	0	0	0	0	0	0	0	0	0	0	0	0	0	0	0	0	0	0	0	0	0	0	0	0	0	0	0	0	6	0	0	0	0	0	0	0	0	0	0	0	0	0	0	0	0	0	0	0	0	0	0	0	0	0	0	0	0	0	0	0	0	0	0	0	0	0	0	0	0	0	0	0	0	0	0	0	0	0	0	0	0	0	0	35	71	40	73	59	42	44	22	11	20	1	12	12	29	22	51	56	80	80	86	107	57	79	73	101	76	65	55	55	51
5	4	4	2	2	0	5	3	4	6	9	19	23	20	24	16	14	14	15	14	16	10	14	7	7	5	1	0	2	0	0	0	5	4	5	10	7	6	13	7	11	8	9	13	20	38	12	17	6	1	3	2	0	0	4	12	7	17	8	5	14	7	8	19	12	10	9	10	13	15	13	5	10	6	3	1	3	0	0	2	8	16	11	9	16	12	7	11	7	15	15	30	24	19	13	10	7	1	3	1	2	0	6	6	8	8	13	10	12	14	13	16	12	11	15	24	11	23	16	33	8	5	4	1	0	1	8	4	14	16	7	13	33	7	12	13	11	19	23	22	41	16	16	13	4	5	8	7	8	2	5	5	5	18	15	20	21	14	18	19	9	27	18	12	19	21	21	17	9	14	1	4	2	2	2	4	10	13	17	25	10	14	20	29	18	12	28	39	24	16	10	21	7	11	3	3	3	1	7	10	22	9	19	7	14	7	17	15	13	15	15	10	25	20	18	26	7	2	7	7	5	0	0	9	16	12	9	9	5	37	12	6	19	17	23	21	38	38	51	61	13	1	1	1	0	0	5	7	14	18	9	13	13	11	17	17	18	29	12	24	19	22	12	18	6	2	2	0	2	0	2	11	10	10	4	8	24	10	8	8	14	13	16	28	24	22	23	9	4	4	0	3	1	1	0	15	6	14	7	10	18	18	16	14	24	16	13	21	16	18	12	13	14	9	2	4	0	0	0	7	5	5	14	7	24	23	27	18	24	18	11	11	15	8	18	17	24	5	2	2	2	1	0	3	6	10	14	14	17	20	30	50	54	30	27	18	22	16	12	9	18	5	2	4	0	3	2	2	12	13	21	11	18	22	21	30	26	17	15	27	25	15	19	18	6	0	2	1	7	0	1	11	6	10	12	15	16	17	25	23	10	27	24	16	13	17	14	12	4	4	0	3	0	0	3	6	15	12	13	9	12	24	9	11	10	22	25	15	13	17	9	12	5	10	2	3	0	3	5	9	10	12	12	13	13	20	11	16	15	20	19	29	21	23	27	11	4	9	3	2	1	1	1	9	13	15	12	19	15	19	11	16	4	18	16	23	15	26	11	17	11	8	11	2	5	5	2	1	3	6	17	14	13	27	18	19	27	19	28	24	14	13	26	23	1	0	0	0	0	0	0	0	0	0	0	0	0	0	0	0	0	0	0	0	0	0	0	0	0	0	0	0	0	0	0	0	0	0	2	14	18	10	8	14	12	14	15	12	20	16	6	6	3	5	1	1	0	0	4	6	11	17	17	11	17	18	13	15	0	0	0	0	9	12	3	0	0	0	0	0	0	0	0	0	0	0	0	0	0	0	0	0	0	0	0	0	0	0	0	0	0	0	0	0	0	0	0	0	0	0	0	0	0	0	0	0	0	0	0	0	0	0	0	0	0	0	0	0	0	0	0	0	0	0	0	1	0	0	0	0	0	0	0	0	0	0	0	0	0	0	0	0	0	0	0	0	0	0	0	0	0	0	0	0	0	0	0	0	0	0	0	0	0	0	0	0	0	0	0	0	0	0	0	0	0	0	0	0	0	0	38	38	19	18	24	27	13	5	2	1	1	0	0	11	14	15	21	16	17	12	17	8	12	11	16	16	22	24	11	13
22	16	13	16	9	1	4	4	9	11	23	20	21	26	25	25	27	19	26	19	31	26	28	25	20	24	18	9	2	5	12	6	5	11	4	12	18	22	24	31	23	13	24	27	24	19	37	10	11	7	1	0	0	2	1	11	18	18	24	34	26	35	26	21	35	28	48	44	25	32	21	23	20	8	1	3	4	2	7	20	18	25	29	27	30	35	24	29	35	46	45	63	57	38	37	39	16	12	10	2	2	0	9	13	18	23	28	21	30	34	31	27	37	46	100	99	121	94	79	55	39	8	9	9	1	9	5	14	28	34	22	42	38	35	32	39	32	46	78	104	108	89	73	60	31	20	11	5	11	4	4	5	10	30	23	32	26	34	26	26	35	41	67	75	75	72	43	37	27	29	14	6	3	3	5	4	10	14	22	24	40	32	36	16	28	32	30	30	47	25	24	30	15	15	7	11	6	3	0	10	23	35	28	36	42	43	24	35	28	35	44	52	64	27	28	15	25	7	2	4	1	0	6	9	21	19	25	30	42	44	45	49	39	35	54	54	74	50	47	31	23	8	10	6	7	3	3	10	41	38	27	31	38	50	28	28	42	37	51	69	67	69	55	51	23	12	9	19	5	8	9	12	27	39	36	55	55	53	72	43	38	21	32	58	54	50	31	29	14	8	4	2	1	2	7	3	27	29	19	19	31	33	36	31	30	30	31	46	28	32	19	16	24	11	11	8	3	2	2	1	4	15	43	37	29	37	59	39	42	53	30	35	32	32	26	24	22	14	10	5	2	2	0	5	3	14	24	17	18	31	29	29	33	32	33	20	24	30	30	15	17	10	8	6	1	0	6	13	18	30	35	32	45	29	20	24	31	36	37	78	51	34	40	20	11	6	2	3	2	1	7	12	22	38	42	47	38	47	40	34	16	29	41	42	47	19	33	28	17	10	7	6	4	0	4	6	15	30	30	31	38	33	24	24	24	28	46	55	43	34	23	20	11	6	0	2	2	3	4	8	23	31	28	34	44	34	29	43	32	37	67	49	48	46	26	21	20	7	2	1	0	0	2	11	21	33	33	24	31	45	43	39	27	39	48	49	63	58	36	31	30	24	6	4	6	1	3	3	14	15	18	29	41	37	37	31	25	31	49	62	28	47	31	26	3	0	0	0	0	0	0	0	0	0	0	0	0	0	0	0	0	0	0	0	0	0	0	0	0	0	0	0	0	0	0	0	0	0	6	30	37	38	35	42	30	33	56	50	34	35	28	17	10	4	1	0	1	1	6	17	24	36	31	37	40	30	25	28	0	0	0	0	47	41	4	4	0	0	0	0	0	0	0	0	0	0	0	0	0	0	0	0	0	0	0	0	0	0	0	0	0	0	0	0	0	0	0	0	0	0	0	0	0	0	0	0	0	0	0	0	0	0	0	0	0	0	0	0	0	0	0	0	0	0	0	5	0	0	0	0	0	0	0	0	0	0	0	0	0	0	0	0	0	0	0	0	0	0	0	0	0	0	0	0	0	0	0	0	0	0	0	0	0	0	0	0	0	0	0	0	0	0	0	0	0	0	0	0	0	0	24	37	50	29	36	19	26	2	1	4	0	0	6	6	23	39	19	35	32	28	31	32	45	26	28	39	26	36	24	18
89	96	50	27	20	8	5	7	14	55	60	106	96	132	144	136	117	117	118	96	125	125	115	92	75	78	48	35	19	12	13	11	27	20	53	57	88	96	101	90	78	92	106	95	105	86	88	109	56	39	12	7	6	1	10	36	71	99	96	71	128	109	98	105	125	122	155	147	137	121	93	76	91	45	20	8	7	9	1	32	55	93	104	79	121	102	122	111	121	137	149	213	176	112	145	89	71	38	22	13	8	7	6	29	41	75	92	81	85	104	130	138	134	106	164	193	176	143	167	144	95	50	26	19	5	4	5	19	56	61	85	86	110	153	150	89	143	122	180	202	170	179	126	148	115	75	56	40	6	8	10	9	28	52	59	102	147	171	157	127	166	155	144	169	151	132	125	151	166	121	102	52	21	9	5	21	34	51	57	97	144	180	192	141	163	111	138	155	160	137	130	77	81	55	34	34	5	3	19	29	54	85	95	91	108	144	105	133	122	120	170	184	166	161	148	96	59	48	24	8	2	3	12	48	77	93	92	83	108	129	126	118	93	130	161	170	161	210	130	136	92	51	16	4	8	12	9	27	53	103	94	103	113	136	128	127	113	134	175	187	196	213	120	121	90	40	31	14	9	13	12	18	51	76	78	106	113	164	131	113	115	142	150	229	149	106	105	126	93	59	25	19	5	6	7	13	42	69	62	88	113	104	113	117	114	153	154	188	205	178	173	99	108	83	49	29	13	32	20	15	12	52	57	100	104	157	169	182	184	193	158	167	180	193	143	135	123	104	38	32	16	4	4	10	28	42	50	81	108	119	141	163	247	159	167	135	138	140	119	67	61	30	18	7	3	3	7	32	43	70	60	76	103	116	102	114	93	107	136	184	170	149	144	98	72	31	15	11	6	16	9	28	39	86	68	78	94	125	120	124	120	100	136	171	147	182	129	74	65	32	11	8	5	4	9	24	48	52	85	102	96	135	127	117	132	117	160	156	184	146	119	92	55	74	19	8	3	2	9	33	55	101	80	113	129	158	117	134	119	100	180	218	218	287	174	134	127	59	37	31	20	16	22	25	57	81	91	83	108	117	114	128	128	121	164	158	190	189	180	125	122	86	63	37	26	17	2	12	32	41	69	92	109	154	159	160	169	135	131	161	170	144	142	122	19	0	0	0	0	0	0	0	0	0	0	0	0	0	0	0	0	0	0	0	0	0	0	0	0	0	0	0	0	0	0	0	0	0	16	92	90	107	87	112	87	93	100	121	127	96	91	72	58	52	18	8	18	11	16	46	67	100	86	99	101	125	86	109	0	0	0	0	110	137	24	3	0	0	0	0	0	0	0	0	0	0	0	0	0	0	0	0	0	0	0	0	0	0	0	0	0	0	0	0	0	0	0	0	0	0	0	0	0	0	0	0	0	0	0	0	0	0	0	0	0	0	0	0	0	0	0	0	0	0	0	8	0	0	0	0	0	0	0	0	0	0	0	0	0	0	0	0	0	0	0	0	0	0	0	0	0	0	0	0	0	0	0	0	0	0	0	0	0	0	0	0	0	0	0	0	0	0	0	0	0	0	0	0	0	0	83	94	102	127	98	73	74	40	36	20	14	4	9	15	41	78	75	96	112	109	133	99	100	119	141	181	132	155	162	121
69	36	50	16	6	14	9	5	18	36	44	64	40	57	58	40	54	38	45	62	44	69	56	73	58	51	38	22	15	9	4	14	9	14	18	44	39	54	46	51	32	61	38	47	68	64	60	38	46	36	22	12	4	3	8	11	12	17	26	36	18	36	29	35	27	29	34	55	59	67	53	50	35	19	10	3	1	5	3	7	12	29	33	22	33	18	28	28	30	30	41	56	53	70	78	64	61	47	14	11	6	1	5	8	25	25	25	23	25	22	34	42	51	63	49	58	93	116	96	53	46	48	31	5	16	3	17	24	33	25	34	34	53	37	35	48	46	54	59	58	86	87	118	94	73	95	66	38	9	3	6	17	27	23	23	40	61	66	83	68	74	47	54	64	58	62	77	87	114	83	41	38	21	4	1	6	10	27	45	47	47	67	59	80	76	50	48	62	80	123	97	49	38	21	25	2	4	7	10	30	19	18	30	34	17	27	22	31	51	32	39	47	72	77	62	66	57	88	16	10	4	4	2	17	27	37	25	68	30	46	23	35	32	36	59	99	105	111	80	65	44	52	23	9	11	7	7	22	24	22	32	28	41	45	32	24	36	32	43	60	91	79	64	71	51	23	42	5	1	4	10	9	11	10	32	28	30	28	41	32	47	30	59	59	70	75	66	65	64	35	22	10	5	15	7	12	16	26	33	35	48	31	56	60	31	43	53	70	75	69	68	73	71	63	44	27	6	11	8	7	6	32	25	52	67	47	81	83	60	43	54	73	64	66	62	66	102	36	46	23	30	9	3	0	8	12	18	32	56	61	78	59	80	58	71	72	69	92	103	44	39	39	23	12	3	7	8	5	20	21	28	32	29	33	25	25	23	25	52	69	63	64	76	65	67	35	9	2	6	6	5	12	32	25	23	30	17	35	48	34	26	62	50	52	50	57	65	68	33	24	12	26	3	6	7	17	10	21	28	25	32	23	35	41	39	30	44	64	72	111	86	58	47	28	25	8	7	9	5	18	15	15	18	44	43	40	40	61	31	42	49	67	66	65	88	76	51	38	26	10	11	26	4	11	13	20	22	28	43	57	27	45	40	40	62	67	76	82	101	89	94	81	42	22	18	4	4	9	18	35	33	54	55	63	61	60	49	50	58	67	83	86	92	71	13	0	0	0	0	0	0	0	0	0	0	0	0	0	0	0	0	0	0	0	0	0	0	0	0	0	0	0	0	0	0	0	0	0	3	23	27	27	32	34	29	22	45	57	72	73	71	66	23	7	9	18	7	13	13	20	15	28	24	30	34	30	41	24	0	0	0	0	73	57	10	8	0	0	0	0	0	0	0	0	0	0	0	0	0	0	0	0	0	0	0	0	0	0	0	0	0	0	0	0	0	0	0	0	0	0	0	0	0	0	0	0	0	0	0	0	0	0	0	0	0	0	0	0	0	0	0	0	0	0	0	2	0	0	0	0	0	0	0	0	0	0	0	0	0	0	0	0	0	0	0	0	0	0	0	0	0	0	0	0	0	0	0	0	0	0	0	0	0	0	0	0	0	0	0	0	0	0	0	0	0	0	0	0	0	0	35	64	76	108	94	59	56	34	10	3	4	5	3	16	15	12	21	34	20	46	35	31	35	31	42	56	63	68	64	60
74	57	61	30	17	7	5	13	13	54	46	45	36	39	52	57	70	78	52	52	40	55	51	49	61	46	46	34	23	7	4	3	13	20	29	37	38	67	35	29	46	38	39	55	47	36	54	31	37	49	12	6	9	3	6	18	24	39	47	45	51	64	51	47	45	43	92	96	91	71	51	47	28	17	18	7	13	8	13	27	31	60	69	81	81	68	79	75	92	87	106	97	100	99	109	82	81	49	27	20	7	7	8	13	39	48	42	57	77	100	99	92	82	100	100	127	86	81	99	95	64	66	32	18	5	6	7	18	31	45	66	138	159	126	87	116	101	106	138	141	102	98	88	111	91	81	51	21	8	5	4	10	27	47	69	87	101	127	93	106	158	115	196	178	147	119	116	115	111	105	44	41	19	6	8	8	18	52	63	80	112	167	175	173	149	113	153	227	175	148	110	72	61	38	30	7	9	8	12	21	38	69	69	84	93	94	113	101	80	106	141	170	125	106	143	96	84	43	32	11	10	4	7	27	50	71	65	71	96	88	85	104	112	98	111	141	146	145	128	92	67	42	28	13	1	7	11	28	46	75	74	75	84	99	125	120	131	106	117	160	150	153	111	85	75	59	48	16	13	7	2	22	55	63	67	78	101	79	68	53	73	72	100	155	114	114	79	79	56	41	24	23	5	8	11	22	47	91	67	78	96	78	75	59	97	73	63	83	45	67	69	60	75	63	38	25	9	3	5	8	27	50	56	68	69	83	64	97	70	107	85	74	58	89	78	48	67	77	69	33	13	8	4	12	6	34	54	76	68	95	82	96	94	72	84	63	58	71	91	46	32	26	9	9	11	5	7	14	22	33	67	52	42	35	56	55	42	72	71	95	84	78	67	32	23	17	12	4	0	2	16	17	34	52	41	56	46	56	66	55	55	72	98	78	89	86	62	54	29	22	9	13	4	4	3	12	27	63	45	60	77	65	70	52	51	68	87	111	82	64	64	54	38	37	14	8	4	5	4	15	49	43	52	66	59	70	87	69	72	78	83	104	133	90	103	74	56	40	47	13	8	14	28	37	57	51	67	76	73	66	67	60	70	68	77	76	89	57	80	60	88	67	47	29	15	4	6	14	13	32	47	60	84	67	83	106	94	79	98	88	70	61	91	77	10	0	0	0	0	0	0	0	0	0	0	0	0	0	0	0	0	0	0	0	0	0	0	0	0	0	0	0	0	0	0	0	0	0	8	45	67	47	69	63	67	82	83	72	77	60	49	26	43	54	14	8	5	7	15	18	48	39	40	50	55	51	76	59	0	0	0	0	109	111	9	3	0	0	0	0	0	0	0	0	0	0	0	0	0	0	0	0	0	0	0	0	0	0	0	0	0	0	0	0	0	0	0	0	0	0	0	0	0	0	0	0	0	0	0	0	0	0	0	0	0	0	0	0	0	0	0	0	0	0	0	7	0	0	0	0	0	0	0	0	0	0	0	0	0	0	0	0	0	0	0	0	0	0	0	0	0	0	0	0	0	0	0	0	0	0	0	0	0	0	0	0	0	0	0	0	0	0	0	0	0	0	0	0	0	0	49	54	76	63	57	45	36	21	13	12	11	3	4	14	22	33	47	52	59	40	40	43	56	57	72	81	62	60	40	41
99	63	36	26	4	14	24	17	30	127	147	145	130	102	100	116	132	134	113	139	127	116	87	63	70	29	14	23	34	19	17	32	32	45	52	87	114	106	106	96	97	82	122	124	91	96	103	102	56	22	11	14	8	6	9	43	123	126	123	157	125	159	178	115	126	132	160	171	138	115	103	77	64	16	15	16	11	11	27	41	102	125	117	143	153	185	140	141	117	171	179	149	138	156	114	94	67	31	19	7	8	5	14	33	90	103	123	133	166	162	147	121	138	143	145	178	129	154	115	123	49	45	28	8	3	32	19	35	90	116	161	148	174	174	167	132	155	145	155	186	121	162	130	111	86	68	51	12	10	11	26	17	65	64	88	93	138	126	120	129	142	145	132	149	127	144	163	101	94	62	48	20	16	12	8	30	26	67	99	91	108	123	114	124	130	117	134	119	169	107	103	81	53	39	15	14	6	6	17	41	89	131	148	121	211	183	157	145	137	139	149	175	181	170	123	103	68	58	38	12	5	9	23	38	79	123	152	119	198	178	161	144	185	157	174	165	180	152	144	109	58	59	21	9	8	7	18	60	104	141	153	185	176	165	173	151	131	160	148	173	160	130	110	115	61	71	27	14	10	9	21	51	81	124	141	158	170	161	161	150	137	182	152	211	226	153	143	96	57	36	22	21	22	4	33	42	87	127	104	108	157	187	151	135	149	162	201	161	127	93	112	100	87	46	34	28	13	7	13	28	25	47	81	134	171	159	124	149	112	123	107	149	150	119	127	95	136	70	58	31	19	9	5	14	35	47	67	74	102	104	109	94	97	126	136	138	67	93	86	67	58	32	25	15	37	10	23	31	96	142	105	141	180	169	115	137	120	161	128	168	127	116	112	106	46	29	14	6	16	13	17	46	100	146	158	159	141	149	145	159	158	121	140	163	126	129	120	86	64	23	14	1	3	4	17	31	85	117	158	158	194	184	170	135	156	161	180	181	161	104	77	76	81	38	22	16	13	6	17	39	112	110	124	150	160	137	150	147	130	165	183	199	197	153	127	122	75	41	24	9	11	10	14	43	81	126	152	130	195	185	155	129	118	141	152	172	184	136	156	119	77	51	35	24	12	7	14	29	28	51	74	111	129	155	169	125	120	113	112	117	98	138	127	106	10	0	0	0	0	0	0	0	0	0	0	0	0	0	0	0	0	0	0	0	0	0	0	0	0	0	0	0	0	0	0	0	0	0	15	139	165	193	154	159	137	118	185	153	166	153	128	80	55	45	16	13	7	11	24	32	84	119	95	131	166	187	142	114	0	0	0	0	169	149	14	5	0	0	0	0	0	0	0	0	0	0	0	0	0	0	0	0	0	0	0	0	0	0	0	0	0	0	0	0	0	0	0	0	0	0	0	0	0	0	0	0	0	0	0	0	0	0	0	0	0	0	0	0	0	0	0	0	0	0	0	24	0	0	0	0	0	0	0	0	0	0	0	0	0	0	0	0	0	0	0	0	0	0	0	0	0	0	0	0	0	0	0	0	0	0	0	0	0	0	0	0	0	0	0	0	0	0	0	0	0	0	0	0	0	0	76	135	109	124	104	58	47	39	14	4	6	3	18	31	58	143	129	145	132	126	121	132	107	136	128	132	139	111	84	119
32	32	21	11	10	2	6	3	11	35	62	50	45	36	50	17	23	16	20	32	28	26	19	25	35	19	9	8	2	3	3	9	7	7	19	20	13	28	15	11	17	22	19	9	55	36	17	34	22	5	8	2	3	3	10	11	24	32	26	22	32	30	9	13	20	19	26	39	32	24	24	19	22	11	6	2	1	4	5	15	22	24	12	13	20	38	27	27	28	23	22	31	21	32	21	28	23	11	6	3	3	1	4	13	19	51	20	11	43	20	23	38	23	26	22	31	50	58	50	29	22	14	3	1	3	3	3	21	19	15	26	29	26	16	33	37	25	28	28	52	33	31	24	29	14	17	16	3	4	3	5	10	9	13	15	24	30	32	25	17	25	25	27	32	28	26	31	34	23	18	21	4	7	1	0	21	28	20	22	26	38	39	22	27	36	17	43	41	26	39	29	40	12	15	24	3	1	3	6	10	16	23	22	27	21	34	27	14	24	16	39	29	42	31	28	28	16	18	8	4	8	7	12	25	34	26	10	11	34	33	41	27	15	25	39	49	36	33	31	41	20	14	5	2	3	1	6	11	32	21	11	28	23	39	17	11	17	25	38	35	39	30	33	28	26	5	6	2	1	4	2	13	21	21	23	17	18	39	18	20	20	27	35	32	44	49	52	35	10	5	12	3	3	9	3	14	17	30	29	26	34	45	34	11	28	44	33	32	35	29	25	27	23	16	10	8	4	0	1	6	9	11	39	50	29	27	21	38	24	29	29	22	26	37	42	34	20	16	16	11	3	4	2	3	14	23	19	30	39	35	17	25	31	27	34	34	28	42	32	17	23	9	5	11	1	8	14	22	32	50	55	59	51	52	58	46	41	47	29	30	27	35	35	31	9	11	13	2	1	4	9	13	40	28	22	52	27	25	22	17	27	38	25	38	45	34	23	17	14	7	12	0	3	4	10	11	30	29	49	32	45	45	20	28	34	41	43	23	30	23	29	21	11	8	3	1	6	2	3	24	41	21	36	20	25	62	52	33	31	47	35	28	44	24	23	38	27	13	12	3	6	4	11	20	19	24	32	40	59	28	33	43	20	21	44	31	21	27	43	23	32	26	21	8	5	2	2	5	13	17	32	32	27	24	21	14	12	22	21	16	27	24	38	16	2	0	0	0	0	0	0	0	0	0	0	0	0	0	0	0	0	0	0	0	0	0	0	0	0	0	0	0	0	0	0	0	0	0	9	43	47	33	26	44	53	45	39	31	33	42	45	27	17	11	3	5	3	0	13	20	46	32	64	29	47	39	46	47	0	0	0	0	38	21	6	5	0	0	0	0	0	0	0	0	0	0	0	0	0	0	0	0	0	0	0	0	0	0	0	0	0	0	0	0	0	0	0	0	0	0	0	0	0	0	0	0	0	0	0	0	0	0	0	0	0	0	0	0	0	0	0	0	0	0	0	4	0	0	0	0	0	0	0	0	0	0	0	0	0	0	0	0	0	0	0	0	0	0	0	0	0	0	0	0	0	0	0	0	0	0	0	0	0	0	0	0	0	0	0	0	0	0	0	0	0	0	0	0	0	0	22	32	30	35	58	30	17	12	35	12	2	2	2	9	18	18	16	19	31	33	19	30	18	22	29	34	29	44	37	41
89	65	36	25	13	18	3	17	14	59	45	53	84	68	46	41	78	48	53	60	52	39	40	89	53	34	21	26	27	39	19	22	34	22	38	42	67	47	43	44	38	40	46	63	56	81	50	42	27	25	35	49	20	35	18	34	27	51	35	48	51	86	63	78	52	65	56	49	35	43	70	41	50	24	8	10	5	1	14	24	57	53	71	31	60	58	87	65	59	67	69	72	62	60	50	72	72	62	10	24	37	5	6	20	32	31	41	50	65	64	78	104	133	124	83	77	67	66	67	60	57	37	20	17	7	9	10	38	128	99	92	87	118	130	88	67	80	98	81	73	70	109	88	98	68	38	33	26	30	7	9	22	24	53	54	76	76	121	116	79	90	84	79	54	71	54	53	75	72	77	33	24	12	13	11	18	26	58	46	74	76	89	77	94	91	78	61	96	77	58	68	144	52	37	13	25	5	23	8	36	31	57	55	59	51	57	58	57	65	52	80	85	105	137	103	72	63	35	10	8	45	30	14	30	42	59	41	57	65	76	94	93	69	57	92	85	75	81	58	52	35	18	26	11	8	9	12	18	38	61	64	74	90	83	62	96	91	73	73	48	80	67	62	68	45	58	21	7	7	23	22	28	28	36	42	67	74	80	70	80	72	98	101	91	75	69	48	37	25	29	25	14	33	7	7	18	46	47	32	103	89	69	91	91	45	57	49	51	43	48	46	81	60	46	24	18	17	1	10	10	23	31	40	55	71	61	70	66	51	81	71	97	71	83	81	111	91	58	31	36	12	14	9	12	14	33	38	56	51	68	58	69	51	60	59	74	50	66	55	36	28	21	6	2	4	2	19	10	35	33	48	51	52	60	100	64	61	59	72	79	78	68	64	52	38	11	19	8	5	4	5	25	44	57	73	80	59	77	69	74	59	78	95	73	42	64	83	48	37	24	4	14	1	2	10	13	30	78	71	65	76	80	69	63	59	77	69	70	54	92	46	82	34	21	11	1	9	1	9	23	48	51	58	68	78	69	115	40	57	58	80	73	69	59	69	84	47	32	15	12	13	10	9	16	42	54	82	68	63	76	58	66	70	42	66	50	59	56	63	80	42	54	32	15	14	4	8	15	25	35	46	55	72	58	48	34	52	47	58	65	54	63	53	60	8	0	0	0	0	0	0	0	0	0	0	0	0	0	0	0	0	0	0	0	0	0	0	0	0	0	0	0	0	0	0	0	0	0	13	56	63	46	64	52	36	68	78	72	82	74	85	39	56	30	31	7	1	2	3	18	43	57	67	66	60	57	70	95	0	0	0	0	69	53	6	2	0	0	0	0	0	0	0	0	0	0	0	0	0	0	0	0	0	0	0	0	0	0	0	0	0	0	0	0	0	0	0	0	0	0	0	0	0	0	0	0	0	0	0	0	0	0	0	0	0	0	0	0	0	0	0	0	0	0	0	13	0	0	0	0	0	0	0	0	0	0	0	0	0	0	0	0	0	0	0	0	0	0	0	0	0	0	0	0	0	0	0	0	0	0	0	0	0	0	0	0	0	0	0	0	0	0	0	0	0	0	0	0	0	0	47	54	79	52	51	28	23	21	6	9	1	5	3	19	22	26	36	37	35	43	54	45	38	47	51	53	61	90	93	44
159	92	69	43	45	17	19	27	49	95	87	183	172	166	215	173	232	182	180	176	179	161	192	172	152	118	81	74	34	17	17	26	51	71	103	146	127	149	118	139	154	144	105	129	83	121	143	143	105	77	50	49	19	29	26	41	88	162	142	129	151	126	153	129	152	177	251	205	170	134	171	137	112	59	31	19	6	27	38	62	114	165	169	152	175	188	149	188	173	211	205	205	173	121	150	112	112	79	28	25	17	13	29	49	88	141	127	170	182	190	202	185	162	175	194	224	164	189	153	116	86	52	34	36	30	25	48	38	112	175	156	180	191	226	218	206	177	183	214	244	271	190	184	162	108	78	67	54	17	3	14	33	52	78	108	128	205	221	216	165	149	169	218	223	216	217	135	178	113	95	42	26	25	22	17	31	58	84	114	121	124	147	136	179	183	140	169	159	136	133	174	84	54	32	35	23	7	5	35	51	123	130	100	145	152	177	145	157	192	172	210	179	164	128	104	65	65	33	17	22	8	13	17	49	105	143	117	147	173	239	172	171	142	192	241	254	196	193	135	143	77	42	22	10	7	16	26	46	112	179	144	123	166	187	138	209	183	202	176	196	179	188	148	115	95	76	53	22	19	17	31	50	94	141	159	156	190	245	173	179	208	215	215	216	162	157	150	72	59	49	63	21	10	11	17	73	112	130	120	165	167	208	139	164	180	186	199	221	156	164	150	136	111	60	61	55	13	16	24	46	42	61	100	107	119	135	150	206	166	160	173	214	147	185	170	194	153	110	54	28	24	17	11	18	34	72	92	77	123	134	155	131	142	118	168	122	111	159	130	105	95	66	47	23	12	14	33	42	79	173	127	147	157	171	165	176	188	179	163	206	157	99	96	82	58	25	10	6	13	8	18	62	83	108	134	145	117	166	133	168	156	169	218	252	174	180	138	120	53	28	22	25	12	5	18	45	70	116	180	132	163	168	184	154	162	179	209	325	252	204	150	138	86	47	11	22	23	22	26	46	95	150	139	172	211	195	164	202	192	162	237	215	160	184	139	105	69	59	39	7	18	9	32	67	119	166	173	168	221	229	180	197	175	184	250	247	167	196	136	133	155	76	46	27	19	8	11	53	79	89	85	122	141	177	159	158	181	176	178	208	150	170	170	164	31	0	0	0	0	0	0	0	0	0	0	0	0	0	0	0	0	0	0	0	0	0	0	0	0	0	0	0	0	0	0	0	0	0	38	227	249	243	215	214	192	203	194	232	216	187	197	115	64	27	28	37	21	13	27	48	109	204	182	201	228	215	198	216	0	0	0	0	180	171	18	5	0	0	0	0	0	0	0	0	0	0	0	0	0	0	0	0	0	0	0	0	0	0	0	0	0	0	0	0	0	0	0	0	0	0	0	0	0	0	0	0	0	0	0	0	0	0	0	0	0	0	0	0	0	0	0	0	0	0	0	14	0	0	0	0	0	0	0	0	0	0	0	0	0	0	0	0	0	0	0	0	0	0	0	0	0	0	0	0	0	0	0	0	0	0	0	0	0	0	0	0	0	0	0	0	0	0	0	0	0	0	0	0	0	0	95	135	102	129	99	77	45	39	14	10	9	18	19	34	79	108	117	140	150	181	132	160	143	151	169	170	139	128	85	68
51	29	39	14	18	15	3	3	12	26	45	68	68	74	39	70	73	73	52	60	31	36	34	44	29	37	24	12	6	10	6	5	21	51	22	50	82	61	59	66	52	38	50	42	55	41	48	70	18	28	11	5	7	3	5	19	31	54	44	52	50	73	78	61	50	70	66	58	46	55	52	61	52	51	37	13	4	2	16	17	33	42	56	62	44	89	65	67	69	57	72	41	55	54	51	43	34	36	18	12	6	2	7	21	35	49	47	81	74	95	68	70	86	72	73	59	62	63	54	64	54	38	26	26	3	5	15	50	32	52	59	61	76	66	96	69	80	61	78	115	84	65	71	53	71	45	27	8	3	5	7	12	15	28	45	54	107	59	70	53	67	65	43	45	55	68	54	48	36	23	29	14	6	6	9	9	16	28	35	29	79	75	103	62	72	92	73	46	65	53	43	34	66	26	10	4	4	5	8	22	29	59	59	88	73	63	71	86	51	69	75	65	78	79	93	60	41	13	6	3	5	3	8	24	32	69	51	82	61	110	88	90	72	53	75	93	66	68	84	62	39	28	21	7	8	1	4	18	46	57	50	67	57	70	69	89	66	69	62	55	52	83	64	42	29	24	14	6	3	13	16	24	37	52	84	86	88	93	123	92	73	77	81	83	48	86	68	63	36	35	27	15	13	7	8	25	112	50	58	54	78	102	81	57	58	60	65	77	61	42	45	39	28	25	25	13	16	10	3	0	10	36	36	48	55	67	41	71	68	88	90	54	53	42	61	63	57	33	18	10	11	1	2	5	11	19	29	34	47	43	64	102	65	42	50	51	29	40	53	25	18	10	10	4	3	2	6	22	48	44	51	66	59	63	53	83	79	83	85	62	51	45	46	28	43	29	5	0	6	4	9	22	42	67	55	88	86	76	65	88	77	63	78	108	76	60	33	51	36	33	1	3	6	3	9	21	41	54	74	74	62	84	70	77	104	96	106	78	53	78	58	40	21	12	7	4	28	5	32	31	57	66	66	59	62	55	59	94	61	77	80	64	53	62	102	73	48	48	16	8	16	7	40	28	57	88	102	98	130	122	110	113	70	76	65	54	72	65	49	46	36	50	20	6	6	0	3	7	74	49	68	43	65	87	71	72	83	67	82	51	57	49	52	52	9	0	0	0	0	0	0	0	0	0	0	0	0	0	0	0	0	0	0	0	0	0	0	0	0	0	0	0	0	0	0	0	0	0	10	87	70	91	72	77	80	73	66	72	78	66	58	35	44	15	17	30	4	13	49	24	47	70	126	87	91	58	68	86	0	0	0	0	61	50	7	3	0	0	0	0	0	0	0	0	0	0	0	0	0	0	0	0	0	0	0	0	0	0	0	0	0	0	0	0	0	0	0	0	0	0	0	0	0	0	0	0	0	0	0	0	0	0	0	0	0	0	0	0	0	0	0	0	0	0	0	11	0	0	0	0	0	0	0	0	0	0	0	0	0	0	0	0	0	0	0	0	0	0	0	0	0	0	0	0	0	0	0	0	0	0	0	0	0	0	0	0	0	0	0	0	0	0	0	0	0	0	0	0	0	0	38	61	69	39	49	31	38	11	7	6	3	4	7	14	28	45	50	49	55	79	58	65	77	60	51	56	56	44	44	32
