29	30	19	10	8	2	0	6	5	18	23	38	42	32	33	28	26	26	19	20	21	15	17	19	30	16	4	8	2	2	2	6	6	13	9	23	35	26	19	25	29	22	38	29	9	14	26	24	17	15	9	2	6	0	20	24	50	33	65	58	85	47	29	69	61	55	50	47	45	49	24	25	16	10	5	2	1	1	7	7	36	33	38	36	38	40	49	34	26	48	38	30	27	48	24	34	26	15	6	3	1	6	7	66	25	47	47	31	44	48	98	65	59	45	29	34	20	32	21	36	9	31	7	3	1	1	5	8	36	30	35	44	56	38	48	35	29	30	22	25	15	15	25	26	16	2	3	6	1	0	5	7	7	13	23	26	36	34	36	30	46	33	29	22	33	26	22	41	45	16	6	13	4	1	5	6	10	9	17	40	34	44	31	40	50	31	34	44	35	41	26	34	22	9	2	0	0	1	2	14	30	41	32	23	56	58	27	15	35	26	33	25	40	46	58	54	28	13	5	4	0	1	1	18	34	37	30	29	35	67	42	60	30	30	23	47	57	60	52	59	42	38	19	15	10	11	38	69	101	125	142	93	108	116	80	66	70	87	82	85	113	127	106	81	36	25	11	11	3	3	11	13	30	36	34	33	39	44	36	39	36	33	40	41	26	39	30	20	24	22	10	4	0	7	21	10	25	26	34	51	51	30	35	41	43	30	36	28	17	14	19	9	12	10	5	5	1	0	1	3	5	17	18	31	45	41	29	42	34	27	23	20	20	17	16	27	29	22	3	3	3	4	1	1	6	10	19	35	45	37	27	33	47	33	52	28	20	45	30	33	17	13	7	1	1	1	4	19	34	33	32	25	44	29	33	29	22	32	41	45	30	23	19	9	15	15	8	11	1	0	3	32	58	74	78	61	63	49	55	53	40	50	57	65	47	41	20	4	4	7	4	2	1	0	11	15	24	49	48	43	55	51	51	31	53	59	38	41	33	36	25	7	14	10	1	1	3	1	16	14	15	35	37	44	47	53	43	36	34	47	33	18	21	29	18	16	35	18	24	3	2	1	7	11	32	36	45	70	76	54	53	53	39	36	49	39	15	34	18	18	21	28	3	5	9	3	4	1	22	12	12	36	49	50	71	43	55	56	32	31	20	30	11	15	5	0	0	0	0	0	0	0	0	0	0	0	0	0	0	0	0	0	0	0	0	0	0	0	0	0	0	0	0	0	0	0	0	0	10	27	38	28	43	24	43	33	31	32	25	24	28	19	14	2	2	3	1	2	3	12	19	44	37	31	34	29	45	39	0	0	0	0	16	23	4	3	0	0	0	0	0	0	0	0	0	0	0	0	0	0	0	0	0	0	0	0	0	0	0	0	0	0	0	0	0	0	0	0	0	0	0	0	0	0	0	0	0	0	0	0	0	0	0	0	0	0	0	0	0	0	0	0	0	0	0	6	0	0	0	0	0	0	0	0	0	0	0	0	0	0	0	0	0	0	0	0	0	0	0	0	0	0	0	0	0	0	0	0	0	0	0	0	0	0	0	0	0	0	0	0	0	0	0	0	0	0	0	0	0	0	26	17	27	29	29	10	21	3	7	2	2	1	3	9	35	25	27	35	42	29	36	43	47	33	28	29	24	43	42	23	27	9	4	2	0	3	3	2	26	29	27	17	61	43	31	32	0	5	41	36	13	10	33	11	8	8	3	0	1	3	2	9	18	38	43	34	60	30	42	32	27	18	0	0	0	0	0	0	0	0	0	0	2	2	3	21	20	40	22	16	36	4	0	23	33	31	38	19	46	44	26	20	10	12	6	5	2	2	5	11	26	15	39	20	57	48	49	31	40	39	45	30	20	38	32	32	31	12	9	8	1	0	0	5	8	11	32	18	21	31	25	32	23	23	17	0	0	0	0	0	0	0	18	16	6	0	1	5	8	19	10	17	0	0	0	0	0	0	0	0	0	0	0	0	0	0	0	0	0	0	0	0	0	0	0	0	0	0	0	0	0	0	0	0	0	19	11	17	12	4	3	3	0	1	5	11	23	26	39	46	33	26	32	1	0	17	26	34	35	52	31	30	24	20	5	0	0	5	5	18	24	23	28	38	0	16	25	0	12	5	0	0	0	0	0	0	0	0	0	0	0	0	0	0	0	0	0	22	44	34	33	24	40	32	34	23	29	22	11	18	12	17	6	4	0	0	11	4	21	9	34	36	45	33	38	33	30	27	43	18	19	12	16	10	18	14	0	3	3	2	2	5	10	13	19	28	28	29	36	34	18	33	28	14	15	28	26	24	11	4	2	0	0	0	0	0	0	0	0	0	0	0	0	0	0	0	0	0	0	0	0	0	0	0	0	0	0	0	0	0	0	0	0	0	6	26	28	38	48	23	28	23	22	24	28	23	5	16	6	3	0	1	10	7	34	31	22	28	41	44	44	25	42	38	40	61	38	45	42	34	18	19	4	0	0	4	3	8	23	41	42	30	18	45	37	25	24	21	34	31	46	31	32	25	11	8	5	12	1	6	2	9	18	24	23	26	52	34	44	45	34	46	34	23	27	26	19	29	12	10	14	3	0	1	5	12	21	28	39	52	69	49	53	40	35	28	19	17	24	20	20	15	19	10	8	4	1	3	1	8	2	14	36	20	46	29	29	31	24	32	24	32	26	41	27	20	17	19	7	16	5	3	7	5	12	13	16	29	19	25	24	15	28	24	21	23	16	23	13	17	15	8	8	1	1	2	4	3	15	33	32	28	31	45	42	32	45	46	22	29	12	37	27	23	12	27	15	2	6	2	10	10	22	30	22	48	51	41	51	39	53	19	28	28	20	38	31	33	14	19	23	0	4	0	6	12	21	39	31	22	45	34	32	34	28	63	38	43	66	45	19	18	10	12	4	0	1	2	5	15	30	45	58	38	64	57	24	50	47	42	49	60	43	23	12	9	26	16	10	0	0	1	4	10	19	37	45	35	29	48	37	54	33	32	34	23	16	13	15	15	6	17	13	12	1	2	5	9	10	29	21	20	32	25	28	36	33	35	24	12	18	25	15	6	2	9	29	4	6	8	1	5	5	5	24	19	32	24	40	40	18	14	30	25	23	25	20	17	5	17	2	6	0	0	2	3	11	34	38	42	37	27	27	40	22	25	35	27	30	25	37	21	40	36	15	10	8	4	3	12	21	38	36	37	21	39	33	36	62	40	31	29	33	26	36	12	10	14	16	2	1	3	5	7	19	31	44	41	43	81	68	69	41	43	25	16	15	43	14	35	22	14	11	2	1	5	2	14	22	33	26	42	45	64	41	29	25	17	20	22	17	27	20	13
13	9	8	3	2	0	3	8	9	13	31	16	21	22	27	30	27	34	35	33	22	21	25	18	21	7	16	8	2	1	5	15	11	11	5	22	30	22	40	15	18	20	20	21	19	15	37	24	10	10	24	8	7	0	5	12	21	27	36	29	44	36	24	26	26	22	38	35	29	29	42	30	25	7	8	1	2	0	4	14	37	45	47	43	35	39	35	44	30	35	28	46	27	27	30	19	20	22	14	8	2	5	3	8	14	13	35	38	47	36	51	32	35	32	34	47	43	38	24	26	30	11	12	5	5	1	3	8	24	30	36	27	53	54	50	45	52	43	44	31	18	36	23	26	23	18	11	6	5	3	1	6	5	11	21	20	37	45	46	32	42	22	40	44	38	29	23	48	31	36	22	19	10	1	9	8	12	12	17	18	31	31	46	47	48	34	36	30	34	25	31	45	15	17	6	5	2	1	4	9	23	20	36	41	58	32	32	40	30	43	32	60	38	45	41	51	54	16	5	0	1	1	3	17	34	31	36	38	42	53	47	37	52	40	36	39	30	32	29	39	24	16	5	3	1	2	9	17	27	36	63	32	42	56	51	42	54	50	39	37	61	66	36	35	64	22	15	6	5	2	10	19	27	46	49	50	58	40	46	54	45	37	34	32	55	44	51	38	16	16	12	11	9	0	1	13	20	27	33	23	30	47	21	46	41	34	39	46	35	25	39	24	26	9	12	6	5	3	0	6	10	17	18	24	31	25	40	34	36	33	52	33	30	28	21	19	38	28	15	13	2	2	5	4	3	13	24	35	39	40	59	47	48	39	50	31	28	28	23	26	19	13	5	3	3	1	6	23	26	32	58	61	52	31	33	43	41	37	41	48	53	23	34	36	21	36	5	2	1	3	2	15	38	29	57	45	65	57	46	35	46	33	69	45	34	69	32	24	24	15	15	3	4	2	2	12	14	40	38	44	39	71	64	46	45	36	22	44	41	34	41	21	20	25	16	7	3	2	0	12	25	45	57	42	36	39	57	60	45	47	41	55	27	40	28	28	24	27	20	5	2	4	5	10	15	25	30	30	41	43	27	40	38	43	43	44	19	36	15	27	24	15	12	17	2	0	4	4	1	22	34	23	23	42	48	41	39	73	46	40	35	25	32	24	3	0	0	0	0	0	0	0	0	0	0	0	0	0	0	0	0	0	0	0	0	0	0	0	0	0	0	0	0	0	0	0	0	0	11	44	48	67	52	50	50	37	44	44	36	37	49	33	27	13	6	1	3	1	7	10	26	38	38	45	49	38	73	78	0	0	0	0	28	28	2	2	0	0	0	0	0	0	0	0	0	0	0	0	0	0	0	0	0	0	0	0	0	0	0	0	0	0	0	0	0	0	0	0	0	0	0	0	0	0	0	0	0	0	0	0	0	0	0	0	0	0	0	0	0	0	0	0	0	0	0	4	0	0	0	0	0	0	0	0	0	0	0	0	0	0	0	0	0	0	0	0	0	0	0	0	0	0	0	0	0	0	0	0	0	0	0	0	0	0	0	0	0	0	0	0	0	0	0	0	0	0	0	0	0	0	20	41	31	59	51	27	22	15	7	6	0	2	2	10	14	26	41	38	48	61	72	36	37	44	53	50	41	40	48	30	26	20	8	3	3	3	2	9	26	31	53	41	49	49	39	32	0	3	49	44	18	24	37	66	38	13	11	5	1	1	4	11	34	33	42	49	56	85	51	67	59	22	0	0	0	0	0	0	0	0	0	1	1	5	6	7	25	42	40	21	48	8	0	33	37	55	39	49	23	36	34	33	20	33	10	3	5	2	4	7	11	24	40	17	60	56	35	39	39	37	36	27	22	25	14	29	30	23	12	10	19	3	2	10	13	9	25	18	27	39	38	36	32	23	21	0	0	0	0	0	0	0	7	14	2	8	2	2	10	17	21	38	0	0	0	0	0	0	0	0	0	0	0	0	0	0	0	0	0	0	0	0	0	0	0	0	0	0	0	0	0	0	0	0	0	30	23	32	29	25	12	4	3	1	3	14	17	36	70	50	61	53	59	6	0	25	49	69	52	41	35	50	46	22	6	13	3	4	6	11	23	24	57	30	0	24	32	0	14	6	0	0	0	0	0	0	0	0	0	0	0	0	0	0	0	0	0	51	51	83	114	64	27	34	45	50	41	35	32	52	11	32	9	8	6	3	0	9	21	13	33	40	50	51	51	49	34	30	33	24	32	17	32	28	27	13	6	5	5	2	1	11	9	13	37	21	34	26	26	34	22	34	25	24	44	17	13	18	26	21	6	0	0	0	0	0	0	0	0	0	0	0	0	0	0	0	0	0	0	0	0	0	0	0	0	0	0	0	0	0	0	0	0	0	3	61	28	46	45	34	41	46	52	32	31	65	36	45	16	8	8	5	7	28	36	31	48	55	53	58	61	40	66	46	38	50	50	60	55	39	44	34	9	13	4	2	3	16	24	48	57	69	59	50	44	39	51	31	47	44	26	47	49	62	47	37	6	8	4	2	4	11	24	37	41	52	45	51	40	32	36	50	47	45	63	75	39	44	26	25	18	3	12	2	7	15	16	33	48	33	28	44	33	33	29	26	46	30	33	27	29	22	14	12	11	7	2	3	2	4	1	20	24	34	40	36	27	29	20	24	31	36	26	44	27	26	25	21	7	7	4	4	14	6	6	17	21	37	32	26	32	51	47	31	26	33	39	39	22	22	33	10	9	5	2	1	4	15	23	21	50	36	40	49	46	41	41	21	31	42	39	36	47	33	19	11	11	1	3	0	2	12	19	29	41	49	45	77	59	62	33	39	34	49	29	34	47	24	18	7	4	5	5	9	5	14	19	24	47	43	41	51	51	49	32	16	31	46	42	34	47	33	27	11	6	3	4	1	2	9	22	33	42	61	46	57	30	23	24	22	30	43	34	49	44	25	25	16	9	4	2	1	6	5	34	31	37	53	54	46	48	45	28	24	26	41	25	14	14	30	14	8	18	9	14	0	1	1	4	19	32	32	32	18	30	27	28	27	25	22	42	37	50	26	2	12	23	10	2	0	2	8	3	9	17	28	40	40	34	38	37	33	26	28	34	33	35	24	18	22	24	2	0	3	7	21	21	34	58	43	35	37	36	47	48	38	29	37	44	59	57	38	36	24	10	5	2	5	7	18	13	35	47	53	46	39	50	50	46	32	48	31	39	37	25	33	21	18	6	1	2	3	5	9	18	34	44	59	56	44	36	44	47	41	29	49	30	44	35	63	31	19	4	10	1	3	3	9	25	41	38	42	42	56	40	42	42	38	26	31	29	24	51	33
4	4	3	1	1	0	5	3	3	5	6	15	17	17	18	11	13	12	10	11	12	8	12	6	4	4	0	0	2	0	0	0	3	2	4	7	7	3	9	5	7	4	4	8	19	26	8	14	5	1	0	1	0	0	3	9	7	17	3	3	12	7	7	19	10	10	6	10	10	14	11	3	5	1	2	1	2	0	0	1	7	13	9	8	11	12	4	9	5	14	10	12	18	13	9	7	5	0	2	1	2	0	5	6	6	6	8	9	11	13	11	14	12	8	14	18	7	19	13	30	3	4	3	0	0	0	3	3	8	13	5	13	23	7	11	12	10	13	17	15	37	12	9	6	3	4	2	5	6	0	2	4	3	10	10	12	14	12	16	14	8	25	13	9	18	19	12	12	5	6	0	0	2	0	1	3	6	12	14	19	8	12	18	23	14	8	18	16	11	7	8	11	6	8	0	1	2	0	5	8	14	8	13	4	7	7	15	15	10	11	12	9	22	18	11	11	5	1	3	2	1	0	0	9	6	9	8	6	3	33	12	4	15	16	18	17	35	32	40	40	4	0	0	1	0	0	2	4	12	14	8	12	9	9	13	13	15	16	9	17	13	14	9	14	6	1	2	0	2	0	1	6	6	7	4	8	19	7	7	5	10	10	12	20	20	20	18	8	3	4	0	1	0	0	0	8	5	9	4	7	14	14	11	8	20	14	12	15	10	9	7	7	13	7	1	4	0	0	0	3	5	5	10	3	15	14	15	13	15	15	11	9	11	2	10	11	3	1	1	0	2	1	0	0	4	6	13	12	15	18	28	38	47	24	24	15	20	8	11	7	3	0	2	1	0	2	2	2	11	9	21	9	15	17	19	27	26	14	13	19	14	6	9	10	1	0	0	0	0	0	0	6	5	5	12	9	12	14	21	18	8	17	16	11	11	10	11	7	4	1	0	1	0	0	2	4	13	7	10	8	11	18	8	6	6	13	19	10	10	13	8	9	1	6	1	3	0	2	4	6	5	8	11	2	7	16	10	14	8	14	12	20	8	17	15	8	3	7	3	2	1	1	0	5	7	12	12	18	14	13	10	12	2	13	15	15	10	22	8	14	10	4	5	2	5	5	0	1	3	3	14	10	11	17	10	13	20	13	26	13	11	8	17	18	1	0	0	0	0	0	0	0	0	0	0	0	0	0	0	0	0	0	0	0	0	0	0	0	0	0	0	0	0	0	0	0	0	0	2	13	17	9	5	7	10	10	10	7	14	10	5	5	0	3	1	0	0	0	3	4	6	7	8	11	17	12	10	12	0	0	0	0	7	7	3	0	0	0	0	0	0	0	0	0	0	0	0	0	0	0	0	0	0	0	0	0	0	0	0	0	0	0	0	0	0	0	0	0	0	0	0	0	0	0	0	0	0	0	0	0	0	0	0	0	0	0	0	0	0	0	0	0	0	0	0	1	0	0	0	0	0	0	0	0	0	0	0	0	0	0	0	0	0	0	0	0	0	0	0	0	0	0	0	0	0	0	0	0	0	0	0	0	0	0	0	0	0	0	0	0	0	0	0	0	0	0	0	0	0	0	36	34	17	17	23	25	7	5	2	1	1	0	0	10	10	9	15	14	14	8	16	8	7	10	11	14	18	14	7	9	4	9	0	0	0	2	3	6	7	8	27	19	14	9	8	11	0	1	10	20	11	7	9	10	2	2	3	0	0	2	1	10	10	6	8	7	8	10	12	6	5	2	0	0	0	0	0	0	0	0	0	0	0	0	0	0	10	9	7	5	8	2	0	13	5	12	6	9	5	17	11	4	3	8	0	0	2	0	1	2	15	9	8	14	8	11	14	2	4	10	6	15	16	10	8	7	7	5	0	0	3	1	1	6	0	1	8	9	10	7	15	28	17	11	9	0	0	0	0	0	0	0	0	0	1	0	0	0	1	3	11	8	0	0	0	0	0	0	0	0	0	0	0	0	0	0	0	0	0	0	0	0	0	0	0	0	0	0	0	0	0	0	0	0	1	24	7	6	2	0	0	0	0	2	0	11	8	21	4	8	8	21	6	1	0	12	13	10	10	39	18	3	2	0	0	0	0	3	4	6	12	23	12	10	0	9	3	0	2	5	0	0	0	0	0	0	0	0	0	0	0	0	0	0	0	0	0	16	15	13	7	3	4	19	13	12	12	11	8	9	5	5	0	0	2	0	2	4	12	6	6	12	18	8	11	11	13	7	15	10	12	21	17	46	13	4	0	0	1	0	0	2	3	1	6	9	15	20	23	21	17	17	17	10	8	7	5	8	4	6	0	0	0	0	0	0	0	0	0	0	0	0	0	0	0	0	0	0	0	0	0	0	0	0	0	0	0	0	0	0	0	0	0	0	1	16	5	12	22	18	24	17	7	75	15	19	12	3	3	0	3	0	2	6	7	11	5	12	17	29	10	41	34	30	18	7	5	14	20	23	18	8	1	0	3	0	0	7	4	6	3	4	9	21	18	16	5	7	12	24	9	12	29	12	10	3	0	1	2	0	3	1	6	2	8	9	10	13	9	4	5	13	30	28	24	11	27	42	10	9	3	0	1	0	2	5	5	6	15	13	17	10	18	10	13	9	12	17	15	11	10	42	10	25	16	0	0	0	0	5	1	6	7	6	11	49	19	27	14	22	7	17	7	9	7	10	18	9	0	1	2	0	5	3	3	8	3	10	8	12	12	8	19	15	16	23	14	17	7	7	9	1	0	0	7	0	0	6	3	13	4	10	11	28	7	6	4	9	20	14	16	12	7	5	7	2	0	1	1	0	0	5	8	8	10	5	10	20	37	22	14	27	34	28	8	14	5	8	3	2	0	0	6	2	2	6	7	7	10	9	7	7	8	7	11	10	10	43	29	10	7	7	5	0	0	1	0	0	0	2	10	5	12	20	10	8	19	8	9	10	4	18	17	11	10	5	2	0	4	1	0	0	0	2	6	9	16	7	7	8	6	14	11	14	9	8	12	10	5	10	3	8	6	0	1	0	1	0	8	9	5	8	12	9	13	12	7	7	7	17	13	17	11	5	0	3	4	0	0	0	0	1	2	3	6	10	13	4	10	14	7	10	10	12	10	5	5	3	4	6	0	1	1	0	3	0	11	18	13	6	6	9	8	8	11	10	19	17	12	14	8	5	5	2	2	1	0	0	3	5	8	7	10	5	7	9	17	5	15	12	13	19	17	12	12	7	8	3	0	0	0	1	1	0	6	6	5	6	12	12	10	9	12	13	11	17	7	2	5	7	1	3	0	0	2	0	8	1	9	8	10	8	10	11	17	11	17	10	12	14	10	10	15	3
11	9	9	5	25	11	3	4	10	6	9	34	22	39	35	16	17	21	16	13	25	17	27	14	10	16	12	8	3	7	7	1	4	13	6	17	14	17	9	22	17	6	17	18	10	8	22	12	6	6	1	0	0	1	1	12	14	23	31	66	31	29	24	28	35	22	38	37	23	27	7	21	10	5	1	3	2	2	7	22	22	27	19	34	43	33	17	29	34	31	20	42	31	18	26	21	15	6	9	2	2	0	12	15	29	22	43	40	29	32	31	27	20	29	82	90	105	83	41	38	17	6	3	11	1	2	16	23	22	44	38	48	38	49	25	45	33	50	65	88	92	58	56	53	24	22	10	9	8	10	8	25	13	27	44	51	23	23	25	17	28	30	48	68	54	47	39	22	16	16	6	4	3	0	5	13	20	10	17	15	23	20	22	21	28	17	19	25	33	17	22	12	10	6	5	3	0	4	3	31	26	35	27	43	36	34	19	19	36	26	34	30	30	17	19	13	9	1	2	4	1	1	7	16	20	19	26	25	50	38	38	48	37	44	41	28	44	21	16	18	14	4	3	5	3	3	10	18	41	61	40	34	45	41	29	38	25	34	27	31	41	43	34	38	18	8	4	6	5	8	5	17	26	28	27	50	70	40	76	43	34	18	29	44	44	27	23	16	10	3	4	0	2	0	9	10	15	27	31	39	25	20	35	45	42	39	36	20	17	30	17	13	17	6	5	2	3	5	5	12	27	16	42	46	29	24	41	44	31	36	19	26	13	28	14	27	12	15	3	3	1	1	1	9	16	25	26	29	23	22	18	13	23	22	30	16	19	18	18	8	13	7	8	7	0	3	6	7	18	37	39	67	52	34	23	35	32	49	33	67	40	33	19	15	11	4	4	1	1	5	11	22	27	31	69	66	42	54	47	36	25	23	30	36	49	33	12	22	4	4	3	4	6	5	7	15	27	45	49	48	48	38	34	46	65	40	43	73	37	24	13	14	6	4	0	1	1	2	7	20	25	34	45	56	60	36	45	41	42	37	56	36	42	27	22	25	23	8	3	2	1	4	9	31	16	19	58	46	30	36	39	44	28	42	40	43	54	32	26	9	18	12	2	4	14	19	4	7	24	32	29	32	30	23	21	21	22	24	32	41	20	29	29	23	1	0	0	0	0	0	0	0	0	0	0	0	0	0	0	0	0	0	0	0	0	0	0	0	0	0	0	0	0	0	0	0	0	0	9	53	42	36	37	44	25	40	67	34	25	26	27	16	6	2	2	2	8	6	8	21	27	32	37	65	51	34	30	29	0	0	0	0	22	15	6	1	0	0	0	0	0	0	0	0	0	0	0	0	0	0	0	0	0	0	0	0	0	0	0	0	0	0	0	0	0	0	0	0	0	0	0	0	0	0	0	0	0	0	0	0	0	0	0	0	0	0	0	0	0	0	0	0	0	0	0	5	0	0	0	0	0	0	0	0	0	0	0	0	0	0	0	0	0	0	0	0	0	0	0	0	0	0	0	0	0	0	0	0	0	0	0	0	0	0	0	0	0	0	0	0	0	0	0	0	0	0	0	0	0	0	24	37	17	20	20	21	20	3	1	8	0	3	10	24	18	36	25	66	36	35	42	44	54	55	45	48	26	19	18	14	15	6	4	4	6	1	5	11	34	32	55	67	43	57	62	38	0	7	52	41	31	21	19	19	8	15	5	2	1	3	6	21	33	32	33	46	24	53	40	37	25	7	0	0	0	0	0	0	0	0	0	0	1	19	14	16	22	38	28	15	49	9	0	23	22	22	36	47	42	24	20	21	11	5	0	1	7	9	25	21	17	10	22	30	43	34	32	46	40	35	24	25	32	26	19	20	13	6	5	2	2	2	2	4	11	16	29	34	37	25	35	24	18	14	32	0	0	0	0	0	0	0	4	8	7	4	5	7	12	12	40	42	0	0	0	0	0	0	0	0	0	0	0	0	0	0	0	0	0	0	0	0	0	0	0	0	0	0	0	0	0	0	0	0	2	25	9	14	10	4	9	2	2	4	10	26	26	39	36	53	45	49	63	2	0	18	37	24	22	21	24	13	6	7	4	3	2	3	4	28	15	48	23	40	0	18	16	0	6	4	0	0	0	0	0	0	0	0	0	0	0	0	0	0	0	0	0	43	39	54	30	57	24	29	36	60	64	29	13	12	5	2	7	6	0	2	2	12	36	24	27	51	46	60	46	26	27	20	28	20	24	16	22	21	11	8	11	8	16	6	4	11	7	11	10	50	37	42	33	24	18	20	29	22	23	43	27	21	20	10	7	0	0	0	0	0	0	0	0	0	0	0	0	0	0	0	0	0	0	0	0	0	0	0	0	0	0	0	0	0	0	0	0	0	7	36	26	34	19	42	49	30	26	25	17	19	8	5	6	1	1	0	4	21	32	64	39	41	67	69	50	35	65	43	67	45	48	26	26	18	14	14	9	4	0	1	7	17	19	30	38	61	25	47	49	40	44	26	45	50	39	44	24	23	17	9	12	1	0	3	5	21	19	38	50	54	33	54	32	42	40	31	28	26	27	32	16	13	16	8	8	7	4	29	8	23	28	46	34	54	51	39	42	44	30	36	41	31	26	32	20	28	14	11	5	3	3	1	1	12	3	16	15	26	30	29	30	16	24	19	30	26	23	34	38	20	29	15	17	2	3	1	10	1	8	19	12	23	16	30	33	38	31	34	21	14	16	9	14	18	13	9	3	6	3	3	7	12	23	59	49	41	41	53	38	50	32	25	43	51	24	34	14	14	10	6	1	5	3	10	9	19	23	35	56	78	50	61	43	67	65	33	100	48	20	21	14	13	20	3	2	2	3	2	5	20	30	34	51	59	59	81	40	37	34	35	40	46	24	17	30	21	5	2	7	2	3	1	6	16	42	42	41	67	40	58	20	43	34	29	47	40	33	27	17	19	9	3	4	5	2	3	14	11	39	34	45	59	72	74	58	40	51	55	45	35	34	29	24	24	29	12	15	3	2	4	3	20	6	13	18	32	34	35	30	19	21	27	30	26	20	21	31	15	0	9	7	4	5	4	2	2	4	8	15	28	31	29	23	28	32	13	12	25	17	21	8	18	14	8	14	2	1	3	4	11	13	28	35	30	29	45	24	36	48	23	52	57	34	24	18	11	9	0	4	9	2	4	5	11	26	49	37	42	41	32	43	85	67	54	67	65	49	26	25	35	9	9	2	8	5	11	3	32	27	26	37	73	48	47	47	58	59	29	52	49	33	28	15	13	5	14	4	3	3	3	9	24	45	49	51	43	55	68	40	54	28	56	68	44	40	28	22	23
43	44	23	20	10	8	7	7	7	32	40	58	62	82	87	95	67	77	89	55	78	45	56	43	31	23	22	16	7	9	13	13	11	20	37	48	59	72	72	71	62	59	65	58	52	40	34	35	22	17	21	4	14	4	8	19	27	28	40	46	61	69	58	45	65	76	97	67	68	71	54	41	62	29	25	11	12	4	5	20	28	51	59	52	75	67	77	56	89	91	88	126	120	83	52	60	49	25	18	11	6	4	8	15	29	52	71	62	60	76	77	88	89	63	92	119	108	99	80	76	59	30	13	22	5	11	7	18	52	43	63	61	79	98	85	60	109	77	125	126	97	90	60	92	60	46	17	24	1	5	8	7	19	48	51	76	109	124	97	93	116	105	111	97	84	76	87	86	66	64	37	26	9	3	9	14	29	35	47	57	76	87	94	70	92	76	83	93	99	73	61	57	48	10	11	32	5	4	16	23	40	63	61	61	87	102	70	98	78	90	97	106	107	89	92	71	49	29	21	5	6	7	11	22	56	66	61	69	68	93	71	67	62	79	100	112	122	134	86	88	71	40	15	12	6	6	9	16	36	69	51	69	70	99	87	77	64	75	112	113	98	101	69	75	53	28	13	9	6	9	6	20	47	66	55	84	84	110	107	94	71	96	100	176	104	69	69	74	63	30	19	13	6	8	7	15	49	34	58	68	51	67	104	85	80	85	102	125	134	105	105	60	77	34	27	21	6	33	14	15	11	45	45	77	77	121	130	131	143	145	107	107	99	87	73	81	60	57	17	26	3	0	4	10	15	21	37	57	65	71	107	86	108	95	92	107	75	91	60	41	34	19	8	14	7	8	5	21	23	36	29	56	44	71	72	60	62	59	95	109	74	66	70	54	40	15	11	9	9	15	9	20	28	58	66	57	61	80	58	74	87	67	87	111	91	123	99	59	30	38	17	9	2	2	14	21	28	49	49	86	73	92	80	97	86	86	114	112	94	86	72	54	40	31	21	9	3	4	9	16	43	65	58	80	89	106	71	75	71	74	134	157	122	165	122	101	65	34	22	21	18	13	17	26	55	66	55	62	77	90	91	75	106	68	101	100	145	76	105	84	58	47	24	23	22	7	4	9	17	32	45	54	76	108	115	117	108	88	89	96	114	97	85	70	8	0	0	0	0	0	0	0	0	0	0	0	0	0	0	0	0	0	0	0	0	0	0	0	0	0	0	0	0	0	0	0	0	0	2	48	68	58	57	75	61	56	69	70	65	40	61	54	30	31	14	6	11	11	16	34	56	78	73	56	47	68	71	76	0	0	0	0	66	70	15	4	0	0	0	0	0	0	0	0	0	0	0	0	0	0	0	0	0	0	0	0	0	0	0	0	0	0	0	0	0	0	0	0	0	0	0	0	0	0	0	0	0	0	0	0	0	0	0	0	0	0	0	0	0	0	0	0	0	0	0	7	0	0	0	0	0	0	0	0	0	0	0	0	0	0	0	0	0	0	0	0	0	0	0	0	0	0	0	0	0	0	0	0	0	0	0	0	0	0	0	0	0	0	0	0	0	0	0	0	0	0	0	0	0	0	40	57	54	44	37	42	44	12	11	18	2	7	8	8	23	54	49	55	63	55	81	50	68	53	82	72	77	84	57	51	40	30	12	10	4	6	2	23	28	49	42	67	48	54	56	68	0	4	84	70	40	18	45	44	41	33	5	12	8	4	6	12	31	70	73	59	47	99	97	63	54	25	0	0	0	0	0	0	0	0	0	2	7	4	13	20	37	55	40	23	61	10	0	83	69	100	110	121	104	76	95	52	48	35	17	11	2	6	5	9	25	33	60	27	73	62	58	83	57	89	86	97	103	78	60	69	54	31	31	19	4	8	1	7	32	14	37	41	76	54	91	103	108	88	33	0	0	0	0	0	0	0	19	13	16	1	14	8	7	26	27	32	0	0	0	0	0	0	0	0	0	0	0	0	0	0	0	0	0	0	0	0	0	0	0	0	0	0	0	0	0	0	0	0	0	73	27	49	23	16	14	7	5	3	13	29	40	35	37	51	53	66	64	5	0	44	74	115	99	72	58	62	65	42	35	24	8	5	3	17	54	62	60	61	0	49	34	0	38	10	0	0	0	0	0	0	0	0	0	0	0	0	0	0	0	0	0	60	73	53	98	89	58	94	108	133	124	101	103	54	57	28	24	14	9	5	3	23	27	21	59	71	92	80	92	93	78	91	71	78	94	89	76	80	44	37	20	19	12	14	13	8	24	45	43	61	98	114	133	96	107	117	107	76	69	85	65	69	39	56	20	0	0	0	0	0	0	0	0	0	0	0	0	0	0	0	0	0	0	0	0	0	0	0	0	0	0	0	0	0	0	0	0	0	2	79	56	70	65	57	97	59	45	47	38	31	18	19	8	9	7	5	8	19	45	51	64	63	68	56	88	67	116	61	94	111	96	75	52	41	44	23	13	8	2	2	9	5	54	46	41	50	83	76	66	74	72	55	109	117	79	123	68	62	41	30	22	13	9	1	10	11	24	54	56	60	74	99	64	77	77	90	73	133	112	67	88	47	46	35	22	23	8	1	8	15	27	52	57	81	62	83	88	76	86	90	95	115	120	65	104	66	61	32	27	17	18	2	2	5	21	21	38	55	72	94	69	118	111	103	101	112	93	84	75	80	66	48	31	20	14	6	9	4	4	32	40	51	76	71	82	106	113	67	43	60	60	54	39	50	25	24	5	8	4	4	7	23	18	31	60	48	56	68	65	74	84	71	59	67	47	51	72	52	25	13	24	7	4	2	10	24	30	38	33	47	74	64	57	72	80	79	90	83	74	70	67	49	28	30	16	13	2	2	10	27	26	74	54	50	77	55	76	71	73	67	88	78	117	79	62	58	55	34	25	7	4	2	17	32	38	51	74	60	80	77	36	66	65	59	102	92	95	76	87	53	27	37	26	11	6	12	10	25	24	48	67	89	73	75	62	66	71	73	111	120	101	94	77	82	59	50	35	15	10	2	4	8	21	22	43	71	73	100	103	115	74	81	94	93	60	72	78	56	11	43	22	18	5	20	7	16	12	21	31	55	71	93	77	90	68	85	88	78	59	60	54	55	46	23	17	12	4	4	5	19	23	52	53	54	92	80	34	74	117	65	85	72	57	63	43	25	18	24	16	10	12	0	1	10	18	54	61	53	58	72	60	78	71	114	72	81	79	92	61	52	26	21	18	2	1	6	4	13	34	51	66	77	71	77	58	56	57	69	97	88	84	84	27	71	28	26	8	8	5	2	4	11	28	47	38	58	106	77	74	77	84	95	96	118	61	69	85	98
55	33	43	16	5	14	7	2	9	19	23	26	27	46	52	32	49	30	39	44	32	70	47	43	35	48	23	15	12	10	2	7	10	6	10	27	22	36	41	26	22	40	24	33	51	52	34	29	35	38	18	6	4	2	7	5	6	7	19	15	20	18	11	14	13	12	29	31	48	38	38	31	29	23	7	2	2	1	3	7	10	21	25	15	25	8	14	18	21	21	32	55	38	55	46	50	37	22	4	5	4	1	5	9	20	14	18	12	10	19	19	21	27	38	43	46	59	86	64	29	32	37	19	6	5	5	4	9	16	19	22	27	52	26	26	32	29	43	37	37	53	69	99	79	58	77	59	44	7	5	6	14	20	17	9	32	29	37	58	41	37	25	37	50	41	51	64	60	62	68	37	24	18	6	2	5	8	18	24	29	32	51	57	57	46	22	45	47	56	93	60	33	24	19	31	2	1	4	8	20	13	20	20	29	12	10	18	21	25	17	25	35	46	49	66	58	40	90	13	13	6	3	3	12	29	24	13	56	17	34	18	25	20	16	37	64	69	85	65	65	35	36	13	11	6	6	6	15	26	19	29	17	25	29	22	20	28	40	38	50	60	51	37	50	31	13	23	7	2	3	8	14	16	16	16	21	20	27	27	18	25	23	46	42	46	53	42	34	45	23	8	9	4	15	4	14	9	19	22	26	24	18	45	28	23	25	50	51	50	50	43	36	38	48	30	19	8	7	4	4	3	15	22	36	31	40	47	51	47	30	33	50	42	57	51	59	111	37	30	17	12	4	3	0	10	12	10	22	52	37	59	36	55	42	45	37	46	50	56	25	30	12	15	9	1	2	7	3	20	16	12	17	23	29	17	16	9	17	36	59	61	47	49	34	32	15	9	3	8	5	4	15	15	22	7	22	14	26	36	17	15	35	40	41	33	42	45	46	24	15	9	6	2	6	4	14	10	7	22	19	13	13	12	26	33	23	31	40	66	82	59	41	31	27	19	7	5	4	6	17	15	9	12	41	38	31	25	43	29	23	33	59	57	54	52	45	26	22	22	11	8	26	6	9	14	11	14	18	26	41	25	31	28	27	41	39	50	67	66	57	64	50	33	12	15	3	2	6	9	25	18	26	33	45	32	41	36	39	41	52	56	63	66	53	6	0	0	0	0	0	0	0	0	0	0	0	0	0	0	0	0	0	0	0	0	0	0	0	0	0	0	0	0	0	0	0	0	0	2	14	16	19	24	28	15	22	34	43	42	53	36	36	15	2	4	6	2	6	11	11	9	29	21	22	27	31	26	12	0	0	0	0	53	42	6	4	0	0	0	0	0	0	0	0	0	0	0	0	0	0	0	0	0	0	0	0	0	0	0	0	0	0	0	0	0	0	0	0	0	0	0	0	0	0	0	0	0	0	0	0	0	0	0	0	0	0	0	0	0	0	0	0	0	0	0	1	0	0	0	0	0	0	0	0	0	0	0	0	0	0	0	0	0	0	0	0	0	0	0	0	0	0	0	0	0	0	0	0	0	0	0	0	0	0	0	0	0	0	0	0	0	0	0	0	0	0	0	0	0	0	20	37	43	58	42	25	23	14	4	3	0	2	1	9	17	12	14	12	9	24	23	19	20	17	25	36	33	52	49	41	20	9	12	3	14	9	8	9	10	12	13	23	28	18	13	13	0	1	36	45	42	33	47	52	43	24	6	4	4	2	2	16	13	15	15	33	22	18	19	14	14	8	0	0	0	0	0	0	0	0	0	3	6	1	6	10	10	20	20	11	19	4	0	22	19	25	30	39	67	60	62	65	33	21	21	2	8	6	3	10	10	6	15	13	15	23	33	40	14	31	43	51	76	76	67	72	53	38	39	19	5	10	10	0	5	13	28	30	27	56	58	34	35	47	21	0	0	0	0	0	0	0	42	24	22	9	2	2	12	6	19	36	0	0	0	0	0	0	0	0	0	0	0	0	0	0	0	0	0	0	0	0	0	0	0	0	0	0	0	0	0	0	0	0	0	46	29	33	36	21	10	10	4	4	1	10	8	13	12	23	25	20	23	1	0	18	37	39	44	43	40	37	24	8	20	14	5	1	6	10	11	14	29	7	0	33	12	0	5	8	0	0	0	0	0	0	0	0	0	0	0	0	0	0	0	0	0	15	43	20	36	28	11	36	30	50	60	60	37	49	43	25	17	22	6	9	15	11	14	5	13	36	21	23	34	36	28	47	34	58	58	57	85	92	58	49	27	27	9	5	4	9	10	15	27	30	27	41	41	27	43	45	43	49	61	67	53	63	48	68	11	0	0	0	0	0	0	0	0	0	0	0	0	0	0	0	0	0	0	0	0	0	0	0	0	0	0	0	0	0	0	0	0	0	0	36	31	24	20	28	35	49	39	54	63	33	24	19	8	10	1	1	11	15	22	19	25	17	19	50	32	26	34	37	54	75	71	56	77	36	31	11	6	5	3	5	3	16	11	14	25	16	33	44	36	34	31	37	77	49	65	80	76	69	47	26	15	19	0	3	4	9	18	28	18	15	20	30	38	33	34	35	31	60	54	91	77	52	36	42	24	5	3	2	2	6	11	15	25	33	44	43	39	54	43	50	58	46	55	77	76	75	81	50	35	16	11	10	4	3	12	18	19	33	40	46	37	41	36	45	39	72	61	62	55	46	64	55	50	26	15	3	2	4	10	12	18	30	68	73	61	61	52	34	33	39	53	38	22	23	25	12	10	5	6	2	4	4	13	12	16	12	16	19	37	29	13	18	25	47	53	43	35	43	18	24	5	7	7	5	2	17	21	14	17	11	22	25	29	12	26	24	39	78	53	69	59	36	19	15	8	1	1	0	5	9	10	14	15	14	19	20	22	19	26	20	29	51	62	61	51	40	19	14	13	5	7	0	2	14	13	11	20	19	22	17	2	21	38	32	50	52	57	50	58	44	24	26	5	1	4	0	5	23	15	24	23	28	17	21	29	23	26	38	28	49	49	69	51	45	48	37	21	18	2	11	2	0	8	20	18	27	67	86	105	56	37	56	57	48	53	71	47	56	3	43	35	19	8	6	1	6	10	17	27	45	58	60	55	64	68	60	57	41	36	33	38	31	31	13	7	1	0	0	6	7	7	18	16	19	9	16	18	16	15	10	33	20	46	40	33	24	40	17	7	2	4	3	4	6	11	20	8	17	30	20	20	8	17	31	24	50	46	73	49	43	39	40	10	4	4	3	8	10	13	15	7	24	13	18	21	20	15	34	29	51	39	84	36	72	35	22	9	3	0	0	7	12	17	25	22	34	19	17	25	48	25	31	53	76	64	54	75	90
53	49	40	22	15	2	2	7	13	26	32	34	32	44	43	49	62	44	45	40	41	72	42	52	48	28	35	23	9	8	6	4	10	12	20	28	37	44	36	30	28	28	43	54	54	36	74	29	30	32	7	5	1	2	4	11	34	23	21	26	43	39	32	30	57	34	63	63	54	53	41	49	37	18	10	5	7	8	6	21	17	45	59	42	43	48	47	32	57	61	73	70	59	63	109	63	60	17	20	9	3	5	6	11	18	34	29	29	47	54	53	44	50	68	59	80	64	62	88	68	73	35	21	5	0	6	5	15	14	37	34	68	90	63	62	52	50	51	84	107	85	102	87	81	50	47	42	19	10	8	5	6	11	34	37	50	53	58	52	73	87	64	92	66	92	91	77	102	101	84	59	35	11	5	4	8	10	32	35	61	57	105	111	77	56	69	77	71	80	75	65	57	37	24	20	20	8	9	2	17	25	34	29	39	42	60	43	59	33	53	60	95	105	55	65	33	46	20	13	8	5	3	5	10	23	23	26	39	46	47	62	66	54	45	64	81	92	95	94	74	58	37	20	7	7	5	2	20	33	40	14	20	51	41	39	38	62	62	55	79	97	139	77	68	42	15	20	18	2	9	7	14	27	35	32	55	48	51	41	30	37	48	52	73	77	81	56	49	34	25	17	12	2	4	5	7	23	31	12	28	51	40	45	29	47	53	53	74	54	80	55	50	53	46	23	22	5	1	6	4	10	35	28	37	47	54	58	52	45	72	57	63	54	66	63	46	50	50	33	14	17	9	2	5	5	20	26	42	49	52	52	110	162	74	81	53	49	52	82	39	32	24	9	4	7	3	3	18	18	18	21	30	40	38	23	37	28	37	49	71	74	87	75	37	24	15	2	5	1	3	16	20	27	43	26	41	26	45	38	28	26	45	72	52	65	57	52	51	44	15	7	8	4	2	4	11	18	40	23	39	45	39	42	28	29	36	67	92	81	57	51	52	21	38	7	4	2	4	1	10	24	34	15	38	41	41	44	45	39	44	47	81	105	139	71	58	69	34	17	8	6	8	12	17	28	50	41	38	43	58	62	42	39	55	61	75	79	91	72	66	76	67	35	21	6	6	2	11	12	27	37	42	71	61	70	62	69	65	76	83	60	79	72	70	10	0	0	0	0	0	0	0	0	0	0	0	0	0	0	0	0	0	0	0	0	0	0	0	0	0	0	0	0	0	0	0	0	0	9	28	37	26	38	39	46	46	46	65	71	55	40	27	21	15	4	2	9	5	10	18	27	22	25	28	41	37	40	29	0	0	0	0	70	87	3	1	0	0	0	0	0	0	0	0	0	0	0	0	0	0	0	0	0	0	0	0	0	0	0	0	0	0	0	0	0	0	0	0	0	0	0	0	0	0	0	0	0	0	0	0	0	0	0	0	0	0	0	0	0	0	0	0	0	0	0	4	0	0	0	0	0	0	0	0	0	0	0	0	0	0	0	0	0	0	0	0	0	0	0	0	0	0	0	0	0	0	0	0	0	0	0	0	0	0	0	0	0	0	0	0	0	0	0	0	0	0	0	0	0	0	52	46	61	66	67	39	36	9	4	11	10	4	6	8	13	26	19	25	44	22	31	25	33	33	58	58	47	49	44	29	43	31	12	0	2	3	5	20	18	43	33	23	32	43	42	39	0	1	46	47	24	24	57	53	19	19	12	5	3	3	9	10	18	29	28	26	49	46	35	17	36	18	0	0	0	0	0	0	0	0	0	1	4	3	4	11	25	30	22	18	37	7	0	26	44	35	53	86	68	72	89	42	36	28	17	7	6	12	3	14	18	13	27	11	47	35	36	41	33	33	61	67	61	57	70	53	65	32	26	28	6	5	7	2	19	27	30	22	49	44	68	58	56	50	40	0	0	0	0	0	0	0	24	21	9	6	4	8	8	14	27	32	0	0	0	0	0	0	0	0	0	0	0	0	0	0	0	0	0	0	0	0	0	0	0	0	0	0	0	0	0	0	0	0	4	42	33	41	25	16	7	2	3	4	10	24	19	32	33	47	30	40	29	0	0	32	72	78	47	54	54	34	30	23	35	10	5	2	5	15	20	15	36	27	0	24	19	0	15	9	0	0	0	0	0	0	0	0	0	0	0	0	0	0	0	0	0	24	49	44	36	50	22	50	54	55	74	58	65	48	42	18	22	8	4	3	7	11	19	14	26	36	52	50	66	50	44	53	54	61	67	79	57	65	64	34	20	14	9	4	8	8	20	20	23	42	70	53	53	68	74	83	81	70	69	63	73	60	54	56	23	0	0	0	0	0	0	0	0	0	0	0	0	0	0	0	0	0	0	0	0	0	0	0	0	0	0	0	0	0	0	0	0	0	1	47	40	37	37	53	57	49	59	63	50	43	27	20	11	5	1	5	5	19	20	25	28	38	44	46	56	36	51	46	71	61	55	45	35	40	31	25	14	1	4	1	11	19	17	31	25	40	68	40	44	43	29	47	52	83	55	68	73	67	59	28	10	9	2	1	6	9	24	36	43	19	44	57	43	58	39	49	69	64	61	67	47	47	31	32	13	12	2	4	5	11	16	37	43	26	36	78	52	44	55	45	68	85	84	91	78	79	83	52	55	25	11	3	3	3	10	19	35	57	62	90	76	66	71	60	54	76	46	76	68	85	60	61	44	19	11	10	2	3	13	22	27	29	43	58	75	54	69	50	73	42	47	57	36	30	34	14	6	5	3	5	5	9	20	18	42	45	37	38	27	30	35	46	53	55	65	56	38	32	18	23	9	6	3	4	2	13	24	27	44	29	33	50	40	31	22	32	69	63	67	57	61	43	22	8	13	5	4	3	5	9	22	43	38	33	38	56	31	32	30	51	34	58	57	52	73	64	54	30	14	6	0	2	3	15	24	41	63	42	50	59	35	52	47	48	50	66	53	73	56	62	45	20	15	5	1	4	5	13	17	27	33	27	50	49	49	43	46	59	52	70	51	70	50	45	47	47	27	12	5	2	1	9	14	41	40	43	54	65	48	43	57	56	41	52	54	70	51	49	5	35	28	25	8	1	6	5	43	40	18	39	51	57	55	49	51	61	91	46	67	56	41	42	27	19	17	7	4	3	4	11	21	24	23	42	32	31	23	37	30	32	49	60	46	36	42	67	39	12	3	3	4	2	9	10	22	35	28	34	32	33	32	27	33	46	55	96	79	68	44	61	19	24	16	4	16	31	15	26	32	41	36	27	39	30	48	37	33	43	52	114	87	109	51	77	45	23	17	7	3	5	11	21	26	52	31	50	35	34	49	56	49	56	101	131	159	166	159	84
71	52	40	25	12	11	9	5	15	42	81	95	78	75	111	101	111	90	69	83	91	79	90	73	58	61	25	30	34	5	11	6	25	31	31	56	72	62	66	75	43	68	85	86	78	83	82	91	47	20	10	8	5	0	12	42	98	112	119	83	110	112	114	101	100	117	136	153	114	104	91	61	57	19	5	7	2	3	9	32	52	91	103	88	114	107	119	112	94	99	125	143	120	91	77	51	43	37	15	7	3	5	5	19	35	70	84	68	84	63	115	90	105	89	137	155	131	109	131	115	61	35	35	14	4	4	5	19	57	60	81	84	104	127	124	95	119	112	114	148	118	158	104	97	74	48	53	13	3	9	8	4	33	44	49	79	108	131	124	113	113	104	103	121	114	87	105	102	122	102	61	41	12	12	3	15	24	31	46	72	102	131	106	116	159	102	116	131	132	137	115	62	54	64	23	8	5	1	17	24	41	68	99	77	108	99	100	115	98	98	134	167	137	123	102	82	54	37	32	5	7	3	10	38	64	81	99	69	133	118	131	121	120	122	138	158	142	153	119	103	55	33	20	9	5	8	14	23	49	72	98	154	120	98	136	144	110	111	108	167	164	127	94	80	60	58	53	16	5	5	14	24	44	66	82	95	113	102	102	91	117	109	110	148	141	112	126	106	57	42	27	21	6	4	9	25	59	83	76	61	115	116	82	113	80	111	121	133	111	107	141	83	72	64	34	23	9	1	8	14	15	28	43	63	108	111	95	104	100	99	102	125	127	161	123	71	104	62	69	37	16	5	1	12	24	36	69	57	65	90	92	92	103	111	116	104	101	83	91	66	57	50	24	6	6	5	9	29	43	86	75	69	141	89	66	119	75	97	110	126	114	98	124	94	80	26	15	8	12	5	9	21	37	83	81	82	91	111	111	127	99	102	113	143	107	135	96	58	37	27	10	6	1	4	3	16	43	82	101	79	83	109	141	89	119	117	129	136	127	92	93	70	57	42	15	16	8	5	10	26	78	80	77	96	109	119	127	145	94	131	134	147	161	120	120	62	82	48	23	18	8	9	23	23	40	54	96	75	114	109	90	102	85	112	138	123	126	145	134	74	63	62	46	23	18	9	5	6	21	37	44	75	87	135	113	114	117	88	65	106	93	109	109	105	7	0	0	0	0	0	0	0	0	0	0	0	0	0	0	0	0	0	0	0	0	0	0	0	0	0	0	0	0	0	0	0	0	0	13	75	95	112	107	114	76	71	112	109	115	109	108	68	51	70	19	14	14	8	12	17	43	83	57	121	120	122	94	99	0	0	0	0	125	124	15	3	0	0	0	0	0	0	0	0	0	0	0	0	0	0	0	0	0	0	0	0	0	0	0	0	0	0	0	0	0	0	0	0	0	0	0	0	0	0	0	0	0	0	0	0	0	0	0	0	0	0	0	0	0	0	0	0	0	0	0	18	0	0	0	0	0	0	0	0	0	0	0	0	0	0	0	0	0	0	0	0	0	0	0	0	0	0	0	0	0	0	0	0	0	0	0	0	0	0	0	0	0	0	0	0	0	0	0	0	0	0	0	0	0	0	84	109	128	139	104	70	69	57	29	10	15	3	8	19	52	97	82	110	112	112	97	105	91	108	111	164	122	126	128	118	88	36	31	12	12	15	25	41	71	103	82	74	98	111	108	132	0	9	158	193	69	69	94	83	77	59	17	12	7	3	5	29	37	82	83	85	133	110	122	106	133	66	0	0	0	0	0	0	0	0	0	2	11	4	8	23	43	100	80	32	116	16	0	118	149	114	145	147	138	116	97	83	63	47	34	15	9	13	11	13	65	43	84	35	98	125	97	115	89	109	139	110	122	89	103	112	96	64	59	38	14	6	2	11	33	47	75	102	113	139	159	130	119	108	89	0	0	0	0	0	0	0	50	24	18	10	9	4	10	30	55	55	0	0	0	0	0	0	0	0	0	0	0	0	0	0	0	0	0	0	0	0	0	0	0	0	0	0	0	0	0	0	0	0	4	122	76	46	66	59	23	4	3	3	8	24	53	93	86	91	128	138	120	6	0	77	169	214	156	115	106	102	53	43	31	19	12	5	12	26	66	85	74	78	0	105	60	0	65	16	0	0	0	0	0	0	0	0	0	0	0	0	0	0	0	0	0	79	106	118	96	101	101	108	173	180	175	162	108	94	69	46	24	27	10	2	22	14	53	45	75	98	95	110	112	109	109	84	135	130	139	108	94	108	92	66	57	40	21	10	3	13	17	44	61	78	122	130	131	111	112	116	122	135	136	96	129	127	96	85	38	0	0	0	0	0	0	0	0	0	0	0	0	0	0	0	0	0	0	0	0	0	0	0	0	0	0	0	0	0	0	0	0	0	6	123	95	121	80	94	127	109	66	85	78	60	42	54	20	17	5	9	13	25	72	127	118	130	153	118	132	129	126	122	157	180	148	134	94	106	62	49	16	19	11	13	9	24	88	133	143	140	157	126	175	123	128	107	138	122	111	135	130	123	83	52	32	20	7	4	8	24	43	94	79	154	164	179	192	165	107	117	123	158	123	128	96	50	57	62	23	29	12	13	9	20	38	77	100	79	109	149	113	120	125	133	130	152	129	119	150	110	94	71	56	39	16	13	10	6	18	57	76	101	102	133	123	108	119	112	127	128	108	127	126	92	88	66	69	64	15	10	3	5	16	16	65	79	103	99	122	116	103	114	126	103	114	78	84	40	40	30	11	7	13	8	2	28	47	59	61	55	111	105	95	127	93	135	137	166	156	149	115	93	65	47	24	17	4	15	14	27	42	83	104	123	106	134	98	85	103	102	149	109	108	101	83	62	45	22	24	8	8	9	10	23	40	77	71	100	106	120	115	120	129	92	154	139	144	111	117	95	54	34	26	15	6	5	11	19	33	78	78	104	111	120	58	105	109	125	176	144	143	128	118	103	70	46	23	8	9	5	12	4	43	88	112	100	112	117	92	107	112	106	125	97	125	147	98	109	87	71	37	16	22	7	10	8	22	51	57	104	114	118	111	99	122	115	110	125	123	114	91	61	7	52	25	26	10	8	7	5	14	26	62	63	56	143	130	116	120	131	96	92	94	97	58	62	26	38	16	11	5	2	10	15	46	85	82	58	119	127	75	143	92	115	138	132	100	100	99	65	63	32	46	13	5	0	12	12	30	74	61	93	99	99	106	120	137	143	145	152	153	139	117	88	35	37	23	1	9	9	9	21	66	84	100	87	96	119	85	128	119	107	125	172	126	154	57	150	64	35	24	7	3	4	10	25	74	85	83	112	128	139	144	126	149	154	203	201	182	190	220	176
16	17	10	6	4	4	3	3	13	20	28	48	34	17	40	9	17	20	18	36	22	25	28	30	37	12	18	5	4	1	3	14	5	8	9	20	16	22	13	27	23	32	23	18	53	35	34	42	20	10	6	6	0	1	2	9	16	28	14	39	17	19	26	22	28	22	14	27	21	38	20	16	28	10	9	2	0	5	2	8	13	18	12	15	20	12	21	11	26	9	31	20	22	28	60	67	69	37	9	8	6	1	3	9	16	24	11	16	16	11	15	26	25	29	12	21	35	31	44	33	24	21	1	1	0	1	2	21	23	17	28	22	17	13	24	32	18	15	30	34	37	28	47	38	24	29	16	7	6	5	3	4	8	17	13	23	39	32	32	27	36	37	19	20	17	29	28	33	39	15	8	9	7	0	0	1	5	14	18	28	26	22	16	23	40	32	29	32	37	35	46	35	19	8	14	2	1	2	1	8	14	21	20	23	38	29	26	19	35	25	26	19	38	47	35	23	28	15	10	4	1	1	0	14	15	22	12	16	30	28	24	20	15	27	50	45	48	46	29	42	22	34	12	2	3	1	2	8	22	13	20	16	33	44	17	14	17	23	22	42	44	39	35	44	38	10	6	3	0	4	3	8	15	15	22	21	21	21	24	24	19	24	27	28	21	33	39	31	28	18	12	2	6	2	5	3	8	17	16	14	27	23	18	25	23	17	17	37	27	23	17	27	27	22	14	11	2	7	4	7	4	16	19	30	39	18	41	43	21	25	23	24	27	21	35	29	28	16	12	13	14	6	1	0	4	14	14	20	19	27	21	24	27	27	26	29	12	54	48	20	34	8	12	13	2	7	1	6	22	18	19	41	20	36	23	17	18	28	20	35	40	31	35	33	14	23	12	0	3	1	0	5	21	18	21	31	19	16	27	23	9	28	29	24	28	31	30	28	14	11	10	19	4	0	3	7	9	17	27	16	31	35	31	22	26	21	26	21	26	28	32	16	24	16	7	3	3	8	4	18	13	10	21	34	16	16	21	18	12	28	25	29	33	35	38	48	25	17	7	4	3	0	2	8	11	20	17	16	25	23	15	16	16	11	23	29	29	24	40	31	42	33	17	11	4	3	1	6	9	12	34	37	34	27	34	28	14	7	21	26	28	22	37	23	9	0	0	0	0	0	0	0	0	0	0	0	0	0	0	0	0	0	0	0	0	0	0	0	0	0	0	0	0	0	0	0	0	0	4	31	19	10	18	11	20	20	14	20	33	24	21	25	16	9	1	13	4	7	3	12	22	9	21	25	17	27	25	22	0	0	0	0	26	31	4	7	0	0	0	0	0	0	0	0	0	0	0	0	0	0	0	0	0	0	0	0	0	0	0	0	0	0	0	0	0	0	0	0	0	0	0	0	0	0	0	0	0	0	0	0	0	0	0	0	0	0	0	0	0	0	0	0	0	0	0	0	0	0	0	0	0	0	0	0	0	0	0	0	0	0	0	0	0	0	0	0	0	0	0	0	0	0	0	0	0	0	0	0	0	0	0	0	0	0	0	0	0	0	0	0	0	0	0	0	0	0	0	0	0	0	17	28	25	47	67	34	36	16	23	7	5	3	3	6	12	11	22	28	26	34	21	31	35	34	21	31	42	52	30	56	32	17	0	7	13	5	19	10	20	10	25	26	28	30	17	25	0	0	21	27	18	21	37	47	31	18	3	10	0	7	2	6	18	10	14	16	24	32	32	25	33	15	0	0	0	0	0	0	0	0	0	1	6	8	2	6	16	18	23	12	25	3	0	23	26	17	31	33	29	39	37	25	26	26	24	2	3	0	5	9	21	10	12	11	29	19	22	29	21	33	21	32	31	23	26	28	26	51	51	9	5	1	6	2	16	13	21	36	20	44	23	21	25	21	15	0	0	0	0	0	0	0	9	12	1	4	0	1	13	22	38	13	0	0	0	0	0	0	0	0	0	0	0	0	0	0	0	0	0	0	0	0	0	0	0	0	0	0	0	0	0	0	0	0	2	62	19	19	20	24	9	2	2	2	6	13	13	17	19	30	32	11	20	2	0	17	29	34	35	22	26	24	16	14	8	5	5	1	2	6	12	21	16	18	0	14	8	0	8	5	0	0	0	0	0	0	0	0	0	0	0	0	0	0	0	0	0	26	21	18	19	17	8	27	31	35	22	32	22	24	17	6	6	5	3	1	2	15	8	9	12	26	24	16	30	51	26	16	20	31	28	36	39	39	49	27	22	6	2	7	6	2	4	1	23	24	30	43	16	35	18	37	30	22	19	27	23	28	19	24	1	0	0	0	0	0	0	0	0	0	0	0	0	0	0	0	0	0	0	0	0	0	0	0	0	0	0	0	0	0	0	0	0	0	3	19	25	23	27	33	26	32	21	36	45	30	23	8	14	5	1	2	1	10	27	16	28	20	25	19	20	14	19	9	21	9	45	33	36	35	24	10	8	5	7	18	5	8	4	14	24	11	22	13	21	19	15	9	31	30	25	25	35	41	19	18	14	11	3	3	5	12	19	19	24	31	21	17	13	24	29	19	18	23	33	16	27	21	23	13	4	3	0	0	6	8	15	10	21	23	18	27	17	11	14	23	22	25	21	24	29	43	25	9	15	6	0	4	1	5	17	9	16	17	20	13	37	12	9	18	29	24	34	20	28	28	25	14	18	6	5	2	2	2	3	26	15	12	15	26	14	25	26	23	20	29	21	24	32	32	9	10	10	4	0	1	3	2	13	7	25	34	30	12	22	26	50	19	41	51	33	27	38	49	21	14	4	2	2	0	1	9	19	20	21	24	41	23	23	17	21	12	24	32	24	31	34	32	18	18	5	11	5	1	4	5	15	17	20	24	35	24	28	34	33	24	30	15	28	28	34	30	32	20	7	7	4	1	4	10	13	21	40	36	29	27	11	36	24	24	20	31	30	34	50	25	23	12	4	5	5	0	7	8	19	30	29	9	21	20	19	22	18	24	33	20	26	64	29	31	27	12	19	14	4	2	13	15	11	9	23	25	25	48	21	31	26	11	28	29	14	26	32	9	4	17	12	12	10	3	3	6	3	15	14	22	20	26	24	30	25	26	29	16	22	37	26	37	26	11	9	3	2	2	1	6	14	11	20	37	20	20	38	44	24	18	20	25	29	28	35	28	9	9	2	5	1	0	4	10	12	15	21	28	24	13	29	22	27	27	26	27	42	38	39	22	31	9	4	1	4	2	3	3	15	21	15	18	16	18	28	29	23	19	11	26	29	35	26	62	27	13	6	1	0	1	1	13	18	18	17	25	20	25	17	19	17	37	47	29	40	40	41	29
63	48	45	21	12	7	11	12	14	61	44	56	53	60	49	49	51	57	51	50	49	34	34	31	53	36	23	27	8	6	6	8	16	13	38	38	57	54	40	35	59	42	42	78	62	50	53	46	40	38	12	9	13	8	6	27	42	44	49	71	53	97	61	71	40	32	94	77	71	50	61	43	44	12	17	3	12	6	10	32	38	50	83	85	78	77	69	83	67	64	91	97	97	83	98	58	43	44	17	16	6	1	7	19	34	56	36	69	82	98	99	87	83	66	85	100	77	59	75	72	42	52	23	15	3	7	7	30	30	62	88	120	112	125	94	116	92	97	107	92	60	72	65	71	76	55	34	16	12	3	9	15	35	37	84	81	88	135	80	81	112	100	146	131	100	104	93	76	57	53	39	27	11	11	6	15	23	46	61	66	119	127	131	140	93	94	122	201	139	90	72	60	42	34	31	7	10	11	11	26	65	86	93	84	100	106	114	111	86	107	141	139	105	111	112	107	73	38	20	6	6	10	15	26	51	100	89	88	87	92	97	113	89	94	116	99	114	116	92	67	56	32	14	6	2	8	11	27	52	85	98	108	111	126	136	123	136	99	94	100	123	94	87	70	69	64	35	14	11	11	6	24	50	76	77	101	97	109	75	80	90	112	100	156	97	100	55	63	54	36	16	24	16	10	12	33	51	97	74	98	107	96	90	90	95	88	70	57	50	44	47	62	58	52	33	21	9	6	9	6	23	48	53	71	86	85	68	101	64	88	57	70	71	85	84	55	73	62	29	30	11	9	3	11	6	42	35	67	72	73	63	63	60	58	85	68	62	74	65	39	27	13	7	7	21	5	7	13	34	59	85	77	71	63	82	58	64	74	56	83	77	68	66	56	30	16	17	5	1	3	7	18	42	58	62	79	65	69	78	74	76	62	73	73	75	67	62	51	39	23	11	8	3	5	5	16	36	49	70	81	113	70	94	80	77	83	83	86	59	70	53	49	49	28	11	9	10	3	5	17	48	42	74	70	81	69	86	70	80	61	86	77	110	73	88	78	38	21	42	9	10	13	9	39	55	77	87	81	85	81	58	68	74	62	52	61	80	47	59	51	68	40	38	22	13	3	7	10	21	29	52	69	80	72	75	72	75	74	71	68	64	46	62	47	11	0	0	0	0	0	0	0	0	0	0	0	0	0	0	0	0	0	0	0	0	0	0	0	0	0	0	0	0	0	0	0	0	0	12	77	81	86	80	83	78	89	104	83	68	71	67	29	53	28	13	4	5	4	16	27	45	49	40	62	54	60	82	72	0	0	0	0	97	101	13	4	0	0	0	0	0	0	0	0	0	0	0	0	0	0	0	0	0	0	0	0	0	0	0	0	0	0	0	0	0	0	0	0	0	0	0	0	0	0	0	0	0	0	0	0	0	0	0	0	0	0	0	0	0	0	0	0	0	0	0	9	0	0	0	0	0	0	0	0	0	0	0	0	0	0	0	0	0	0	0	0	0	0	0	0	0	0	0	0	0	0	0	0	0	0	0	0	0	0	0	0	0	0	0	0	0	0	0	0	0	0	0	0	0	0	34	53	75	70	59	31	36	27	17	6	3	3	10	22	34	52	68	58	64	58	74	64	73	77	68	69	71	63	58	85	88	34	7	6	1	4	5	23	55	83	81	81	79	95	97	76	0	5	91	98	44	25	60	55	46	31	20	4	2	2	1	29	54	58	61	99	82	104	83	97	85	63	0	0	0	0	0	0	0	0	0	0	1	3	1	26	32	75	62	27	79	10	0	57	76	90	102	100	82	95	94	79	82	44	22	12	4	0	16	31	38	25	67	36	79	78	68	82	72	68	91	102	56	71	47	55	41	39	32	30	20	14	5	8	13	29	33	56	62	79	84	82	63	79	45	0	0	0	0	0	0	0	52	26	20	27	12	5	15	18	38	48	0	0	0	0	0	0	0	0	0	0	0	0	0	0	0	0	0	0	0	0	0	0	0	0	0	0	0	0	0	0	0	0	7	49	33	39	55	32	16	1	1	5	17	28	44	67	59	86	91	83	81	5	0	48	84	96	102	61	64	66	70	26	13	5	4	5	5	19	43	74	78	62	0	39	35	0	33	12	0	0	0	0	0	0	0	0	0	0	0	0	0	0	0	0	0	72	74	101	105	92	71	74	130	150	147	130	102	100	52	47	35	14	4	2	14	25	29	51	63	69	81	84	88	60	89	84	119	98	100	97	102	87	62	37	38	13	4	1	2	12	38	42	44	57	80	83	71	76	72	88	91	95	72	50	52	66	95	38	36	0	0	0	0	0	0	0	0	0	0	0	0	0	0	0	0	0	0	0	0	0	0	0	0	0	0	0	0	0	0	0	0	0	6	80	54	71	73	87	97	91	69	83	46	41	51	13	19	12	7	21	7	18	44	53	63	87	78	63	71	86	80	100	87	112	93	75	71	65	63	21	8	18	3	3	8	43	66	82	84	96	93	67	77	93	72	81	96	85	80	74	74	69	50	53	24	10	8	3	7	27	60	72	108	103	67	85	101	92	67	74	99	123	135	129	108	78	91	50	19	21	10	5	8	20	49	75	89	95	96	126	84	78	90	97	124	116	92	124	100	98	95	74	43	17	6	11	20	32	25	36	69	118	82	104	78	102	88	81	79	79	89	103	89	80	71	63	52	39	16	12	12	12	25	34	59	51	95	67	79	97	77	86	70	64	71	67	37	47	38	29	19	8	8	8	11	22	45	81	80	77	113	114	135	77	89	64	82	90	85	64	62	88	47	46	16	12	7	4	24	29	31	58	42	88	71	82	77	74	91	78	97	101	108	114	89	76	68	22	50	7	6	4	23	28	55	51	61	95	83	89	70	85	83	79	98	108	90	71	111	72	51	35	23	10	5	7	9	31	46	42	59	71	92	87	49	97	74	98	71	91	78	98	78	56	58	47	35	18	12	6	19	37	57	50	84	90	81	68	66	74	90	60	99	118	125	116	62	83	49	71	51	35	15	8	5	4	21	32	39	64	82	62	57	69	67	67	67	64	52	80	55	51	8	61	50	18	8	13	5	6	17	34	35	51	85	63	45	64	80	64	74	43	56	73	56	44	60	49	14	5	6	8	10	19	47	67	63	66	71	103	85	88	90	99	116	145	132	117	76	59	45	16	13	6	4	1	6	34	45	43	55	83	75	67	85	107	73	82	89	118	139	121	90	84	48	28	12	3	8	3	2	23	49	58	83	64	62	95	79	47	60	107	122	154	110	113	42	74	56	33	14	21	4	4	5	18	32	104	72	76	59	80	79	97	72	69	127	142	139	109	92	102
100	70	34	22	13	6	10	15	21	119	122	131	102	75	61	66	82	95	97	98	104	106	58	48	53	26	20	18	21	17	12	26	22	28	51	57	88	76	73	62	67	62	75	60	57	54	62	61	43	20	5	7	3	6	7	32	66	98	92	99	105	134	133	104	102	100	95	129	104	64	66	48	32	15	9	15	6	10	24	21	81	123	93	103	115	157	98	114	107	141	122	110	88	120	67	47	32	30	14	4	7	5	10	23	81	94	103	111	165	153	119	113	113	119	121	104	112	119	75	78	28	28	16	3	3	25	12	28	73	93	133	113	156	158	162	106	115	144	119	154	96	95	87	80	57	56	30	7	8	5	14	16	41	45	52	59	125	99	102	91	103	92	106	110	117	104	94	83	74	38	30	17	15	2	8	39	47	54	88	93	74	94	76	95	89	72	86	80	101	69	60	74	39	26	8	13	6	5	13	39	58	91	98	94	132	141	105	87	123	93	112	89	116	105	67	50	39	36	21	12	2	9	16	43	68	86	96	113	143	138	111	96	134	110	140	134	118	95	86	62	33	32	9	7	7	4	11	51	82	119	103	97	107	124	107	99	97	131	152	125	113	100	71	77	31	41	33	2	8	6	13	42	69	80	100	96	132	129	117	130	126	125	132	134	179	78	67	60	25	15	11	6	6	7	25	21	59	97	65	136	139	153	116	101	109	112	135	116	87	74	70	72	66	29	23	13	7	4	14	21	24	27	80	119	111	108	103	125	94	94	79	98	105	71	88	81	78	53	46	20	22	4	5	10	30	34	46	53	68	82	87	88	64	91	82	102	50	64	50	36	29	31	21	21	21	8	21	25	69	101	104	102	96	107	90	123	111	128	102	125	86	95	73	57	31	24	7	2	6	6	18	43	80	119	134	157	114	126	119	132	125	116	112	123	101	81	66	50	38	20	7	1	2	3	16	19	76	109	127	141	158	157	101	100	97	102	135	178	141	101	57	67	48	14	18	4	3	5	14	34	70	97	86	95	124	125	120	101	118	115	141	131	137	103	90	71	56	27	14	7	12	6	12	33	69	105	93	118	168	153	127	110	102	116	123	136	121	102	117	94	64	43	30	15	15	4	12	31	26	34	61	81	95	82	127	91	95	105	97	93	73	105	101	76	6	0	0	0	0	0	0	0	0	0	0	0	0	0	0	0	0	0	0	0	0	0	0	0	0	0	0	0	0	0	0	0	0	0	14	102	123	145	139	114	94	100	123	117	132	100	88	52	27	30	10	8	1	1	10	22	69	87	87	73	136	144	96	81	0	0	0	0	111	93	9	4	0	0	0	0	0	0	0	0	0	0	0	0	0	0	0	0	0	0	0	0	0	0	0	0	0	0	0	0	0	0	0	0	0	0	0	0	0	0	0	0	0	0	0	0	0	0	0	0	0	0	0	0	0	0	0	0	0	0	0	13	0	0	0	0	0	0	0	0	0	0	0	0	0	0	0	0	0	0	0	0	0	0	0	0	0	0	0	0	0	0	0	0	0	0	0	0	0	0	0	0	0	0	0	0	0	0	0	0	0	0	0	0	0	0	50	82	56	74	61	30	26	22	9	3	1	3	6	19	28	81	58	98	88	106	88	79	61	84	101	98	74	65	40	37	32	21	11	4	3	3	8	24	60	83	73	88	114	131	93	85	0	12	126	105	48	26	30	39	25	17	12	8	1	2	6	14	75	90	89	120	109	134	136	108	116	45	0	0	0	0	0	0	0	0	0	1	1	4	7	30	41	84	105	54	156	17	0	90	106	131	117	138	92	108	76	62	40	20	14	11	4	4	10	25	66	43	81	61	109	124	105	87	115	122	127	98	111	76	62	75	85	41	18	15	16	8	11	13	47	37	40	48	110	114	109	131	168	128	75	0	0	0	0	0	0	0	20	25	12	5	20	20	21	39	45	56	0	0	0	0	0	0	0	0	0	0	0	0	0	0	0	0	0	0	0	0	0	0	0	0	0	0	0	0	0	0	0	0	4	59	42	41	30	33	9	8	4	1	11	29	98	94	119	113	140	149	106	7	0	98	166	137	116	104	84	55	44	40	10	14	4	3	13	40	154	109	108	89	0	90	53	0	46	9	0	0	0	0	0	0	0	0	0	0	0	0	0	0	0	0	0	101	125	122	115	100	82	106	139	107	102	103	92	97	61	23	18	13	6	8	12	35	72	41	98	99	126	126	109	101	100	136	125	143	122	94	76	73	55	59	28	16	9	11	8	18	35	57	62	76	124	103	109	119	110	92	76	106	103	95	111	69	75	63	11	0	0	0	0	0	0	0	0	0	0	0	0	0	0	0	0	0	0	0	0	0	0	0	0	0	0	0	0	0	0	0	0	0	7	148	141	124	99	113	134	90	103	81	73	40	34	33	10	1	8	11	8	26	79	95	87	116	108	153	172	86	111	120	154	225	176	86	57	77	23	17	7	4	3	9	20	33	71	95	108	131	125	136	127	123	137	91	119	118	85	90	97	48	34	13	8	4	0	6	6	24	58	84	115	107	121	140	143	125	98	120	124	138	107	92	90	56	47	29	18	2	2	4	12	22	75	102	114	121	131	152	143	117	139	123	149	108	110	107	81	61	40	46	21	9	4	7	5	18	35	40	88	76	99	110	91	129	107	78	100	110	74	89	83	86	79	44	30	25	10	6	4	15	42	28	44	66	69	82	83	68	66	83	75	53	62	94	47	36	53	24	13	5	2	5	9	14	40	80	82	70	112	107	101	95	85	129	92	85	74	103	75	58	46	20	15	6	7	2	15	18	82	109	123	124	143	141	110	116	97	110	130	156	101	70	64	49	25	20	9	1	3	6	11	44	56	114	107	105	120	114	115	152	126	106	136	100	91	58	78	42	39	21	6	3	2	3	11	39	65	111	127	142	161	140	69	78	120	101	165	146	100	85	69	59	35	27	13	5	6	1	16	27	66	99	105	88	145	160	115	147	113	115	130	107	147	134	71	55	49	28	24	8	3	3	15	26	42	43	49	89	73	73	63	95	87	67	66	73	56	63	81	63	8	36	30	16	13	7	5	21	23	52	45	56	70	98	82	66	67	65	117	76	60	62	61	64	50	32	11	3	3	1	5	17	82	73	77	116	98	125	98	141	115	110	142	147	95	103	68	44	36	28	10	9	3	4	19	23	42	97	76	88	131	105	172	94	125	106	161	264	234	133	161	78	21	16	8	8	2	9	6	22	60	104	91	116	120	109	96	115	112	137	135	127	97	108	39	55	50	17	10	5	3	3	12	32	78	117	83	142	104	111	94	111	128	133	149	98	110	127	92	118
46	24	13	7	4	3	6	8	19	34	44	31	28	25	26	20	26	20	21	37	25	16	17	26	27	20	9	5	1	1	3	10	8	15	27	25	17	36	16	18	33	38	21	20	36	31	20	28	12	9	11	11	4	6	7	10	21	50	38	26	40	58	25	22	29	25	30	39	44	46	32	21	11	13	5	2	3	2	3	14	20	26	34	31	29	59	25	43	30	40	33	34	21	31	21	18	13	8	4	2	2	1	3	16	24	47	42	25	54	33	45	65	35	35	27	34	32	60	55	29	20	14	4	1	3	2	3	11	22	34	36	48	42	27	48	40	31	23	37	45	41	29	25	29	27	10	12	4	5	2	6	15	7	13	20	21	19	25	26	30	35	21	38	35	28	33	30	32	27	19	18	5	6	2	2	2	18	22	32	24	31	33	32	21	34	7	33	31	26	24	22	14	13	10	15	2	1	3	4	11	16	42	34	47	32	44	31	47	26	20	44	31	32	18	30	33	6	12	10	5	7	6	12	14	37	36	31	43	54	78	74	46	36	31	24	43	37	32	31	29	20	13	4	2	2	0	5	13	38	44	27	47	38	52	22	35	25	37	36	35	24	36	27	18	10	11	5	2	2	4	4	14	28	31	47	37	37	68	54	48	39	42	47	36	41	52	49	27	9	6	7	6	1	7	2	15	23	34	44	37	40	75	55	19	29	48	41	25	45	30	22	25	21	7	11	9	4	3	1	6	9	18	16	27	30	26	30	46	19	23	31	24	26	24	30	33	17	15	8	7	2	3	10	4	11	21	19	25	43	36	23	26	26	14	21	30	28	29	23	15	11	8	5	1	0	8	15	24	28	55	54	63	53	59	56	50	37	49	38	32	15	21	21	21	17	12	4	2	4	5	11	11	49	50	27	49	49	42	46	41	49	46	36	59	39	32	23	28	9	10	10	2	4	4	16	12	24	34	53	35	58	50	38	37	42	54	56	33	30	28	27	21	8	10	2	0	11	3	5	16	39	42	59	56	41	79	81	60	42	55	51	19	38	27	23	37	19	15	11	5	8	5	15	32	29	54	74	61	64	48	61	70	44	35	46	37	27	26	34	34	29	23	12	6	4	2	2	7	14	23	21	57	32	30	36	24	28	23	53	26	29	21	28	19	4	0	0	0	0	0	0	0	0	0	0	0	0	0	0	0	0	0	0	0	0	0	0	0	0	0	0	0	0	0	0	0	0	0	13	68	66	59	41	75	73	54	51	45	37	41	35	23	15	8	10	12	7	2	12	29	49	61	121	53	63	48	59	51	0	0	0	0	35	15	7	3	0	0	0	0	0	0	0	0	0	0	0	0	0	0	0	0	0	0	0	0	0	0	0	0	0	0	0	0	0	0	0	0	0	0	0	0	0	0	0	0	0	0	0	0	0	0	0	0	0	0	0	0	0	0	0	0	0	0	0	7	0	0	0	0	0	0	0	0	0	0	0	0	0	0	0	0	0	0	0	0	0	0	0	0	0	0	0	0	0	0	0	0	0	0	0	0	0	0	0	0	0	0	0	0	0	0	0	0	0	0	0	0	0	0	17	28	27	19	28	21	20	8	22	7	4	1	1	8	17	21	34	35	36	44	23	31	25	21	30	29	25	26	30	22	21	9	4	5	2	5	10	15	40	54	28	43	52	49	37	19	0	2	29	37	7	7	19	20	10	5	8	2	1	3	4	4	48	58	48	79	54	42	66	41	31	13	0	0	0	0	0	0	0	0	0	0	3	1	5	14	19	35	35	20	42	5	0	35	36	38	34	22	23	42	70	45	14	10	7	5	0	1	5	14	26	14	44	18	53	54	32	54	46	48	24	42	36	26	18	29	30	16	6	6	1	2	1	7	22	24	31	37	36	34	38	39	41	28	16	0	0	0	0	0	0	0	6	1	5	7	2	5	14	17	20	47	0	0	0	0	0	0	0	0	0	0	0	0	0	0	0	0	0	0	0	0	0	0	0	0	0	0	0	0	0	0	0	0	0	37	6	21	19	11	1	7	3	10	11	26	59	37	21	40	25	53	51	1	0	22	38	38	24	71	36	20	18	3	3	4	2	1	7	13	44	33	37	55	0	16	14	0	11	10	0	0	0	0	0	0	0	0	0	0	0	0	0	0	0	0	0	30	32	49	41	37	21	31	45	31	52	38	31	27	13	8	5	5	5	0	6	27	28	31	37	43	42	41	47	42	46	41	40	49	23	33	31	20	23	16	9	4	5	1	3	4	9	20	26	35	15	42	32	32	23	41	24	34	15	29	17	25	18	24	4	0	0	0	0	0	0	0	0	0	0	0	0	0	0	0	0	0	0	0	0	0	0	0	0	0	0	0	0	0	0	0	0	0	3	53	32	21	31	22	23	32	43	32	17	17	7	4	1	1	4	2	6	26	43	21	24	34	49	39	37	23	30	29	23	41	26	31	13	25	11	2	3	0	0	2	1	43	46	83	65	48	58	51	44	43	36	29	36	51	40	22	20	29	14	5	6	1	2	1	5	22	41	62	71	55	29	49	48	50	32	36	33	20	31	17	23	15	17	6	7	4	0	2	6	28	50	34	29	43	40	37	38	30	48	26	35	30	25	35	30	39	22	15	7	5	2	4	5	8	12	21	22	22	23	26	22	40	31	37	33	23	19	35	41	26	25	21	14	7	1	2	6	3	10	25	26	32	27	28	20	23	37	34	20	22	29	18	19	22	10	3	6	4	1	4	8	46	42	72	42	45	38	43	37	30	17	33	34	25	30	41	24	17	14	8	2	3	8	3	5	38	33	29	53	51	44	66	51	33	42	38	28	38	29	30	29	22	3	8	4	0	3	1	4	40	42	36	51	32	86	61	42	47	33	45	49	39	27	36	34	22	18	6	2	3	1	4	6	28	34	59	43	36	48	65	24	31	34	24	44	40	27	41	34	28	15	9	6	3	1	6	2	65	35	29	32	27	41	47	21	39	33	46	42	45	27	34	29	19	27	28	7	8	1	2	8	10	20	17	33	30	24	34	28	33	27	38	39	35	27	30	37	11	5	28	14	7	4	7	4	1	16	9	13	19	37	37	27	35	43	20	32	23	27	23	24	20	28	4	8	1	8	2	3	35	67	34	23	28	48	49	29	31	37	23	38	27	32	20	21	16	27	5	10	3	4	2	4	19	24	21	23	44	35	30	23	34	44	30	23	20	15	17	19	19	18	20	14	4	3	1	5	9	18	36	20	31	27	28	26	32	30	30	25	41	32	26	13	22	24	15	6	1	3	3	6	14	32	26	29	42	35	34	38	35	34	40	29	24	37	29	46	31
84	55	32	27	11	16	7	16	12	52	37	48	92	52	49	44	79	47	58	47	48	40	48	103	60	37	22	27	29	37	19	20	25	21	31	37	39	56	42	42	39	29	53	60	46	78	49	41	18	16	37	46	20	30	15	17	18	34	26	36	35	42	44	50	37	62	53	48	32	47	70	42	59	33	15	10	5	1	10	22	46	35	44	19	45	41	77	51	52	60	60	65	62	47	54	77	76	68	17	25	37	5	7	26	23	21	27	25	37	37	59	78	116	130	69	91	60	76	70	67	58	31	25	19	10	10	13	25	129	74	62	46	91	77	45	41	55	61	58	68	76	109	86	101	67	45	34	26	26	4	9	20	23	50	38	60	53	84	96	67	77	83	69	64	74	52	59	66	74	85	30	22	11	11	10	14	17	45	43	52	62	85	78	84	89	75	66	86	78	58	72	133	50	31	9	22	3	17	16	22	20	36	24	36	36	31	37	37	54	41	71	82	98	123	96	60	55	32	11	9	44	21	16	36	35	33	27	28	41	58	66	51	45	49	73	65	69	75	57	46	34	15	26	11	8	7	9	17	30	47	33	36	64	53	34	55	40	39	55	43	68	52	53	73	48	62	22	8	7	20	21	29	27	29	32	56	64	57	56	57	42	68	89	77	58	60	49	34	22	25	29	11	33	4	6	19	43	30	23	60	70	44	73	63	39	51	53	55	45	61	47	85	69	42	26	18	16	1	3	12	19	39	44	51	57	55	64	53	50	80	83	95	55	70	67	105	97	53	36	38	11	15	9	6	16	23	28	32	46	66	60	55	51	49	51	67	42	69	62	40	24	21	17	2	3	1	19	12	27	25	22	38	40	44	79	47	50	51	61	73	63	45	53	49	31	8	16	7	6	4	6	16	50	44	58	53	42	54	42	50	37	68	83	58	40	65	80	45	28	13	5	17	2	1	8	8	21	45	44	36	46	62	45	27	36	60	58	80	68	94	48	71	29	24	11	2	7	5	9	21	38	48	39	56	52	61	82	33	34	51	79	79	51	54	56	73	36	31	13	8	9	6	5	10	42	41	79	57	31	45	49	48	64	29	84	62	53	57	57	89	45	50	31	15	10	4	6	12	20	32	44	52	57	60	41	35	38	37	53	65	53	66	40	60	7	0	0	0	0	0	0	0	0	0	0	0	0	0	0	0	0	0	0	0	0	0	0	0	0	0	0	0	0	0	0	0	0	0	12	80	80	56	53	54	41	74	58	58	67	62	75	36	58	22	40	32	6	8	4	17	44	69	76	74	72	54	72	103	0	0	0	0	73	46	1	1	0	0	0	0	0	0	0	0	0	0	0	0	0	0	0	0	0	0	0	0	0	0	0	0	0	0	0	0	0	0	0	0	0	0	0	0	0	0	0	0	0	0	0	0	0	0	0	0	0	0	0	0	0	0	0	0	0	0	0	9	0	0	0	0	0	0	0	0	0	0	0	0	0	0	0	0	0	0	0	0	0	0	0	0	0	0	0	0	0	0	0	0	0	0	0	0	0	0	0	0	0	0	0	0	0	0	0	0	0	0	0	0	0	0	41	61	69	51	47	29	18	12	4	10	4	6	4	12	15	27	31	27	30	41	42	43	30	37	44	63	64	83	85	41	48	27	16	7	1	5	5	9	34	54	47	34	49	53	36	49	0	3	46	50	26	12	50	41	21	10	7	10	3	1	1	10	40	37	54	57	52	54	60	48	58	28	0	0	0	0	0	0	0	0	0	3	3	1	7	18	21	35	29	22	33	7	0	62	43	49	49	63	65	40	71	65	55	29	15	28	11	8	5	19	15	28	50	21	52	27	53	70	54	52	70	85	78	69	58	47	45	30	10	12	16	2	6	13	23	43	31	47	43	75	65	55	56	50	37	0	0	0	0	0	0	0	33	30	22	12	7	14	6	34	21	36	0	0	0	0	0	0	0	0	0	0	0	0	0	0	0	0	0	0	0	0	0	0	0	0	0	0	0	0	0	0	0	0	2	44	34	39	25	12	6	2	9	8	3	25	35	45	46	37	41	57	45	3	0	41	89	55	92	124	54	48	59	25	10	5	2	3	5	22	29	45	49	33	0	23	15	0	15	16	0	0	0	0	0	0	0	0	0	0	0	0	0	0	0	0	0	53	81	99	122	153	85	133	174	153	142	131	96	75	65	48	18	5	0	3	5	16	72	39	172	187	160	148	162	168	227	188	183	182	138	151	128	97	90	93	25	14	14	8	11	26	67	98	136	141	170	163	177	171	187	206	159	153	185	171	141	93	97	62	27	0	0	0	0	0	0	0	0	0	0	0	0	0	0	0	0	0	0	0	0	0	0	0	0	0	0	0	0	0	0	0	0	0	6	65	40	33	35	62	66	82	60	63	40	48	34	28	23	4	9	2	6	21	24	42	57	43	41	65	37	23	39	40	54	81	62	51	58	46	34	17	13	16	14	2	11	22	24	26	41	30	39	37	35	28	22	54	54	72	50	65	72	84	42	25	12	4	2	8	4	16	45	61	60	62	68	57	64	45	43	57	66	49	52	82	54	49	28	26	19	8	4	30	10	22	28	32	47	37	74	44	60	47	48	71	70	79	76	50	61	70	72	38	19	15	5	10	12	15	16	23	47	44	66	62	60	76	73	77	66	76	62	44	78	111	67	68	37	23	14	22	13	17	28	22	32	41	90	69	62	35	70	52	58	68	51	60	31	29	61	45	10	4	7	6	7	8	30	22	35	49	39	62	41	37	27	46	52	70	63	90	55	50	22	14	11	30	3	2	3	9	29	25	15	37	31	55	60	47	42	57	86	64	48	68	46	31	37	23	4	4	1	4	5	8	23	27	30	26	31	42	36	46	24	47	84	93	77	46	77	53	17	30	6	9	2	3	5	6	40	86	74	111	110	122	51	56	75	84	79	73	59	56	75	84	25	24	8	7	9	10	5	24	31	52	68	58	56	70	43	75	79	61	87	59	66	70	50	71	48	52	36	25	20	15	5	9	19	36	56	77	68	79	51	54	47	63	57	61	57	67	64	50	17	45	21	10	20	10	4	13	25	17	27	32	47	51	51	58	68	63	57	63	39	40	61	55	33	12	6	3	8	5	5	28	28	29	39	23	35	51	60	50	78	36	77	62	63	87	81	47	47	19	10	6	3	4	5	8	31	48	46	58	29	22	41	47	49	36	52	46	62	52	63	61	49	33	16	13	4	0	31	65	34	54	49	49	62	64	86	60	66	65	70	68	63	74	30	57	42	46	10	31	28	25	4	23	40	47	39	42	57	69	71	66	78	91	66	66	56	63	62	57
109	66	61	38	42	17	12	20	38	78	76	181	156	160	189	158	197	169	156	157	131	143	162	143	125	105	74	65	31	20	14	18	49	67	75	129	132	121	112	137	123	113	83	104	72	103	120	124	97	69	43	40	20	26	23	35	74	131	108	103	116	87	116	94	115	146	214	158	121	101	142	123	91	47	24	22	6	27	38	49	108	136	130	128	147	138	127	143	125	174	171	167	146	101	114	88	93	52	18	22	15	13	25	34	70	110	89	147	142	171	166	143	151	134	163	186	131	151	120	94	73	55	28	34	26	22	47	42	83	142	122	144	141	194	163	154	139	146	168	199	236	150	153	131	91	57	56	50	15	2	10	23	43	56	90	100	169	191	180	136	128	145	181	185	171	185	102	147	93	69	35	16	22	21	17	28	46	75	86	88	107	121	105	157	144	127	141	131	113	110	156	75	47	29	30	20	6	4	26	43	106	110	88	115	126	136	123	144	146	157	177	158	152	125	97	54	59	30	14	20	11	11	7	28	68	125	86	101	128	201	113	141	105	150	190	216	173	174	122	129	55	40	21	10	9	15	23	36	79	148	119	95	114	142	115	187	161	158	131	157	155	151	128	88	80	45	30	21	19	16	27	36	64	112	124	131	146	203	151	135	158	164	167	184	125	140	130	67	55	46	60	20	7	6	16	61	87	111	105	117	121	171	111	131	151	153	160	191	128	124	123	110	84	50	55	41	12	12	21	38	33	42	82	84	89	103	101	162	135	142	146	187	122	160	133	153	119	94	45	17	11	12	2	18	22	65	78	64	103	115	122	108	118	97	149	90	87	129	111	94	89	56	28	16	8	10	27	33	72	145	96	109	127	153	148	138	153	149	138	175	139	86	92	64	48	21	9	5	11	8	11	50	49	79	91	105	83	128	104	128	131	132	181	217	143	144	114	103	52	24	13	22	12	4	13	41	59	93	143	93	117	136	152	145	174	145	166	210	185	142	120	112	77	40	13	18	22	16	20	38	82	115	118	118	154	129	127	166	148	126	178	185	146	158	137	102	69	60	34	6	16	6	22	43	88	126	133	118	185	191	135	178	120	156	192	197	139	177	111	104	136	75	38	21	11	7	10	44	67	85	60	69	111	143	135	130	144	147	149	168	129	136	155	139	29	0	0	0	0	0	0	0	0	0	0	0	0	0	0	0	0	0	0	0	0	0	0	0	0	0	0	0	0	0	0	0	0	0	27	151	176	179	150	152	150	144	163	194	189	173	173	103	65	29	15	10	16	6	23	32	84	161	122	140	169	154	149	172	0	0	0	0	147	144	17	3	0	0	0	0	0	0	0	0	0	0	0	0	0	0	0	0	0	0	0	0	0	0	0	0	0	0	0	0	0	0	0	0	0	0	0	0	0	0	0	0	0	0	0	0	0	0	0	0	0	0	0	0	0	0	0	0	0	0	0	11	0	0	0	0	0	0	0	0	0	0	0	0	0	0	0	0	0	0	0	0	0	0	0	0	0	0	0	0	0	0	0	0	0	0	0	0	0	0	0	0	0	0	0	0	0	0	0	0	0	0	0	0	0	0	77	107	90	103	82	65	37	37	13	8	6	15	18	32	67	80	97	103	108	124	98	123	101	123	134	118	111	111	70	53	54	24	20	8	6	6	13	32	88	152	130	140	143	122	134	128	0	7	133	113	57	67	94	82	42	20	20	6	15	14	13	37	64	108	91	119	112	138	164	140	104	73	0	0	0	0	0	0	0	0	0	3	11	9	10	36	72	130	123	54	153	16	0	112	136	151	175	193	170	130	94	65	45	47	41	8	10	2	19	42	79	58	106	54	111	143	118	113	114	122	170	210	143	142	138	136	83	67	22	21	10	9	21	24	51	69	82	90	116	176	158	148	143	150	75	0	0	0	0	0	0	0	33	25	20	15	13	44	43	46	76	77	0	0	0	0	0	0	0	0	0	0	0	0	0	0	0	0	0	0	0	0	0	0	0	0	0	0	0	0	0	0	0	0	9	162	64	71	71	22	38	10	22	18	23	43	95	131	128	144	118	185	133	13	0	84	191	193	224	189	126	110	86	29	27	10	11	12	30	37	67	96	116	72	0	67	57	0	51	25	0	0	0	0	0	0	0	0	0	0	0	0	0	0	0	0	0	83	156	206	153	129	96	119	192	175	184	151	131	114	113	54	19	15	12	7	23	46	94	58	108	130	163	170	186	146	148	175	214	198	174	190	188	122	118	59	35	18	6	13	21	34	28	69	98	118	146	160	159	166	195	207	219	198	174	159	178	141	135	83	19	0	0	0	0	0	0	0	0	0	0	0	0	0	0	0	0	0	0	0	0	0	0	0	0	0	0	0	0	0	0	0	0	0	19	152	114	124	124	133	125	139	124	127	74	76	67	41	15	9	21	15	16	47	98	118	108	115	135	125	144	170	172	140	189	193	185	135	107	87	53	26	13	18	9	13	32	64	77	144	119	115	156	158	162	173	179	131	160	187	137	125	154	104	97	42	15	10	2	5	17	37	80	132	146	130	125	110	132	114	99	127	174	169	170	155	112	114	71	47	19	9	7	17	16	33	63	115	124	142	144	176	176	134	142	156	208	232	169	195	221	142	121	80	39	35	19	9	23	37	72	94	116	142	171	160	162	137	197	197	173	204	148	159	183	168	99	90	66	29	17	7	6	17	51	56	91	152	150	143	133	105	116	118	102	107	73	87	80	109	57	45	20	8	6	7	8	41	62	89	106	120	79	127	106	135	115	101	131	126	127	82	88	86	51	28	20	10	8	7	18	29	90	119	114	121	97	139	120	144	108	119	158	182	97	90	112	51	37	20	24	11	3	9	20	29	65	117	106	111	131	184	176	160	154	121	173	212	176	118	115	103	68	38	44	23	8	10	18	38	93	115	118	116	131	153	87	114	93	128	202	164	173	112	88	67	61	48	13	10	7	14	27	39	78	108	146	172	154	171	148	144	189	171	212	167	151	125	125	137	95	48	30	18	13	13	54	49	44	90	111	110	126	167	135	203	150	116	175	233	200	198	178	114	17	89	37	20	29	12	11	40	48	48	77	117	148	111	160	158	121	117	170	106	125	96	120	118	63	56	29	30	9	11	22	96	113	130	93	138	117	132	147	124	165	133	146	152	138	127	121	77	47	31	17	12	9	12	29	71	98	180	134	143	125	98	169	147	134	194	156	225	158	151	132	77	41	38	21	4	11	27	23	53	115	168	107	126	167	207	133	154	168	157	208	213	152	162	79	119	66	50	15	12	2	7	27	51	99	136	97	160	147	167	147	181	137	109	152	120	134	125	121	100
42	28	41	13	15	11	3	2	14	25	37	34	40	70	29	56	69	63	33	48	27	27	27	39	23	28	19	11	5	7	5	3	17	41	16	38	52	48	45	46	38	30	42	34	36	34	43	64	16	25	9	5	5	2	5	16	19	39	34	48	37	46	65	46	39	56	56	57	41	42	47	56	49	45	34	9	2	2	13	15	20	29	34	38	38	67	52	56	58	40	57	35	52	50	48	39	31	35	17	11	6	1	7	15	24	35	30	61	53	62	43	51	52	52	59	55	51	60	51	58	51	23	25	26	3	5	12	40	28	37	45	43	61	52	72	51	66	46	69	105	69	58	66	46	62	45	26	7	3	4	6	10	13	23	42	49	101	51	59	38	52	53	35	39	43	60	49	42	29	25	29	14	6	5	5	8	11	21	26	26	72	66	95	50	63	78	63	40	60	60	66	28	62	23	10	4	3	5	7	15	20	33	36	63	60	47	49	45	38	43	48	55	63	68	67	52	37	11	2	1	2	3	6	22	28	51	35	50	46	54	60	60	59	51	59	61	35	52	74	51	35	23	22	5	6	1	4	16	33	30	36	46	52	49	47	59	52	52	55	47	46	74	63	39	29	21	9	4	1	11	13	18	26	41	69	59	79	58	74	55	49	56	55	72	46	73	71	63	34	33	23	11	12	6	7	24	108	39	35	36	61	55	49	47	45	52	54	69	48	31	44	33	26	24	22	13	15	9	5	0	7	30	29	40	44	57	41	55	59	78	77	42	47	40	60	61	51	30	18	10	10	1	2	3	9	14	22	31	40	34	51	92	57	41	46	38	21	36	49	22	16	7	7	4	3	1	6	14	35	31	42	54	50	45	41	66	71	68	71	53	48	39	39	28	36	38	3	0	3	3	7	19	33	36	45	59	53	52	38	54	46	46	63	69	63	49	31	43	37	33	1	1	4	1	6	19	34	45	57	60	41	57	44	53	57	72	82	69	45	72	48	39	19	9	3	4	22	1	29	27	43	40	41	41	49	43	36	67	53	59	72	53	32	47	71	59	35	30	15	3	9	7	39	24	48	58	60	77	95	91	76	68	46	53	55	41	55	48	45	32	30	36	18	6	9	0	3	6	72	33	60	34	52	72	41	60	67	59	53	43	46	40	42	39	9	0	0	0	0	0	0	0	0	0	0	0	0	0	0	0	0	0	0	0	0	0	0	0	0	0	0	0	0	0	0	0	0	0	7	54	52	58	47	53	60	56	51	57	69	53	52	30	30	9	10	21	0	11	47	21	39	45	82	70	57	40	43	64	0	0	0	0	45	48	5	3	0	0	0	0	0	0	0	0	0	0	0	0	0	0	0	0	0	0	0	0	0	0	0	0	0	0	0	0	0	0	0	0	0	0	0	0	0	0	0	0	0	0	0	0	0	0	0	0	0	0	0	0	0	0	0	0	0	0	0	7	0	0	0	0	0	0	0	0	0	0	0	0	0	0	0	0	0	0	0	0	0	0	0	0	0	0	0	0	0	0	0	0	0	0	0	0	0	0	0	0	0	0	0	0	0	0	0	0	0	0	0	0	0	0	31	59	55	36	46	28	31	9	4	6	1	5	7	11	25	41	33	33	45	56	50	49	69	46	45	49	46	39	41	25	21	13	3	3	0	3	9	25	51	53	58	80	59	55	51	43	0	5	77	62	32	17	48	29	20	12	8	14	4	6	7	15	24	44	54	42	51	46	52	69	66	32	0	0	0	0	0	0	0	0	0	0	8	6	28	16	39	28	41	13	53	9	0	61	44	67	90	73	61	47	54	32	54	18	10	2	6	4	9	14	26	23	49	30	54	55	58	54	74	59	62	49	56	63	65	49	41	22	16	16	16	6	6	10	21	28	27	40	36	61	70	58	47	49	23	0	0	0	0	0	0	0	10	12	7	8	2	3	17	17	20	36	0	0	0	0	0	0	0	0	0	0	0	0	0	0	0	0	0	0	0	0	0	0	0	0	0	0	0	0	0	0	0	0	2	53	27	37	31	9	27	1	2	4	20	26	36	46	47	51	41	74	61	0	0	34	54	69	52	61	47	39	27	11	3	3	0	5	69	23	26	38	40	33	0	41	32	0	21	15	0	0	0	0	0	0	0	0	0	0	0	0	0	0	0	0	0	31	45	85	60	59	38	74	83	95	50	72	65	46	30	24	12	2	5	0	12	20	19	27	30	41	52	37	83	52	55	44	67	47	54	52	21	40	34	24	18	6	8	4	2	5	8	27	37	35	24	45	66	44	38	42	52	54	47	52	42	37	24	40	9	0	0	0	0	0	0	0	0	0	0	0	0	0	0	0	0	0	0	0	0	0	0	0	0	0	0	0	0	0	0	0	0	0	6	61	46	49	54	60	51	46	38	36	36	41	15	4	9	3	3	3	6	11	24	44	63	39	40	33	54	41	29	41	50	57	33	45	47	35	16	15	6	2	3	7	38	20	58	63	48	49	55	53	51	35	62	45	83	123	86	63	39	44	24	10	5	1	0	3	21	37	44	39	54	70	65	46	65	81	45	62	68	64	49	41	39	29	18	24	6	2	1	7	6	13	27	58	41	37	56	53	60	38	45	58	56	46	50	56	54	47	38	18	22	20	4	4	3	11	25	43	25	43	53	49	49	51	52	51	52	54	46	37	30	50	45	21	18	8	5	8	4	14	22	33	34	32	42	41	37	44	58	39	27	30	27	27	44	28	21	7	27	2	0	7	7	21	29	42	30	36	36	39	50	28	44	34	46	73	48	39	40	31	17	18	12	5	14	22	21	31	28	36	25	25	41	67	53	47	54	63	71	82	50	37	29	26	3	6	1	2	1	12	11	16	30	55	48	52	48	52	58	48	40	52	70	58	48	55	48	48	17	18	8	0	3	10	10	15	22	50	33	59	50	66	42	38	53	54	72	65	73	33	55	61	36	18	8	9	1	3	11	14	36	43	41	43	47	55	39	61	47	65	44	39	64	46	39	50	37	20	8	12	3	4	6	12	15	23	26	45	76	56	34	69	49	35	46	38	58	46	48	40	6	22	7	16	8	16	7	2	17	20	20	35	50	38	67	61	42	32	32	37	30	31	35	31	16	17	1	1	5	2	3	19	29	31	35	37	49	55	43	43	31	40	67	40	42	35	36	36	16	9	6	3	0	6	10	15	27	27	25	33	31	28	49	35	35	43	38	45	61	43	35	17	14	7	3	1	3	6	6	9	28	46	52	39	30	45	32	46	40	40	82	62	27	53	20	54	42	21	7	1	5	0	11	17	32	47	34	50	53	61	61	39	48	59	51	41	70	41	41	47
